# MTR input generated by make_mtr_input_simple.py
# source IC : initial_conditions/INIT_moon.dat  (first 800 particles)
# units     : G=GNEWT; time/length/velocity NUMBERS equal problem
#             units (1 Roche orbit = 2*pi, Roche radius = 1);
#             only masses are rescaled: m = m_problem/GNEWT
#             (Earth = 3379.3806817705)
# dt(problem)=0.2  tmax(problem)=18.8496  rhill(problem)=0.059498

n_bodies        801
timestep        2.00000000000000011e-01
tmax            1.88495559215387587e+01
output_interval 1
rmax            3.00000000000000000e+00
rsub            2.00000000000000000e+00
hsub            3
levtot          30
flag            1
rhill           5.94979588139651835e-02

# mass x y z vx vy vz   (all numbers = problem units except mass = /GNEWT)
3.37938068177053538e+03 3.66718243921419665e-04 1.36097284328377257e-04 2.22411459036366937e-04 2.40182026127990942e-03 1.10421722183561585e-03 -3.14366320570479835e-04
1.92776064310510413e-02 -9.59241157899583974e-01 4.73795463730154687e-01 2.16645633582286862e-01 -4.30482657417627923e-01 -8.52459600866614986e-01 -3.54766394471703189e-02
1.17670954570114009e-02 -3.08769136691965096e-01 -6.88988358540953971e-01 -2.59812364589561990e-03 1.18912742737762978e+00 -1.84222433428288063e-01 2.96093883928521151e-01
1.30662172546244012e-03 9.51788492692468679e-01 3.95269476656350982e-01 -1.52591200925670939e-01 -5.41185497745959698e-01 7.74767836601878979e-01 2.87777273285880708e-01
8.68503999193344534e-01 4.74360265231169420e-01 1.86137152440929959e-01 2.33607597589951060e-01 -4.91601121997719326e-01 1.40370713246216572e+00 4.27117818734184140e-01
3.49525088312938395e-03 7.19252855922617007e-01 9.97506134182295168e-01 2.94377336552411051e-01 -7.53718971043013664e-01 4.23009326850470213e-01 5.32394035972731106e-02
9.56167522981454798e-03 -8.01648116884147166e-01 9.85766538896953870e-01 -3.66471501199617383e-02 -3.46838834959587505e-01 -7.17959846157605663e-01 -1.64172867265457191e-02
7.50445351201734726e-03 -1.15655623210547565e+00 -1.49728687097037821e-01 -2.01172466076190937e-01 5.23024044324677875e-02 -8.78896965522177886e-01 -1.90331118774768382e-01
2.65505065800829103e-03 3.35853751245662413e-01 -3.47423127822081790e-01 -4.97519514068546220e-02 1.35248832654948781e+00 9.10533096873396453e-01 -2.38923043418202974e-01
5.70610700893732573e-02 6.26547373543835828e-01 6.53739328794139096e-01 5.77072318238108922e-02 -8.03076234354871188e-01 3.95058791881387539e-01 3.10499412036842504e-01
1.89027462320255808e-02 9.15915257553718498e-01 5.58195948653619420e-02 1.13214164667207167e-02 -1.56670864636129392e-01 8.22963970672933920e-01 -3.07665870848810252e-01
5.54872040022046042e-01 -6.46126173984251317e-01 1.52222117774245380e-01 1.23589758376306869e-01 -9.97720935367687883e-02 -1.18924720577366139e+00 4.70174210313543450e-01
1.19477100545364503e-02 3.25029979483849429e-01 -1.26493125284273966e+00 6.11701539313752818e-01 6.61636925861831759e-01 7.09325644496525132e-02 2.22955447837256931e-01
6.97863960342950604e-03 -8.55627345717572152e-01 1.17607337504322076e-01 -5.65363449660116868e-01 -4.42337759259802732e-01 -9.53847280770561912e-01 8.06546526576067818e-02
7.62877614818350258e-01 -4.88605402052236848e-01 -1.08867148625012966e+00 9.99711189878760842e-02 7.09011676564154425e-01 -2.36513900280073380e-01 -1.81352661440748963e-01
1.10305730862912330e-03 6.56250941840565760e-01 5.01245480251683917e-01 2.44115882036478576e-01 -8.34434602677830761e-01 8.06199781535853810e-01 1.69876765479204904e-02
6.78849471974324437e-01 -6.60772451640895153e-01 8.46667463319895508e-01 -2.71813014912223871e-01 -6.04748529658270306e-01 -6.60913940830753943e-01 -2.65027290326884768e-01
2.55152590127028997e-03 -4.70889304761143990e-01 -5.78502863976329995e-01 2.64859586201038159e-02 8.82176986602635660e-01 -6.99337409515013664e-01 -5.17792369655210444e-02
4.92553071338965726e-02 1.04869191889089142e+00 7.94805719373064101e-01 -2.80475070862957442e-02 -5.13016984800257592e-01 6.18997638847533338e-01 -1.56214208414291761e-01
1.23006755529121584e-03 1.09046450028318032e+00 -4.35762321584756918e-01 -1.73220786743401217e-01 1.15038075045197710e-01 8.34481229301424654e-01 -3.28614559120380456e-01
5.04321864861103711e-02 -6.23531344010927580e-01 4.23494413739225972e-01 7.10986272752345827e-02 -7.27071128441296621e-01 -8.87490039559647226e-01 -8.01482913041522416e-02
1.48920345995538966e-01 3.76242771002617462e-03 -9.76146994113197830e-01 -8.83873131526199257e-02 1.01652031811972998e+00 -3.43275579117146359e-02 1.56776505982310216e-02
6.17965641317975468e-03 8.74760424154426230e-01 6.57830676897015576e-01 2.64882233254280564e-01 -4.62767785428698841e-01 7.81826129700027739e-01 2.21860928238881427e-01
3.27564054630194793e-02 -1.29221150206723867e+00 -7.34268566459917782e-01 -8.12337180015106908e-02 2.88272883472071861e-01 -5.30013877089613672e-01 -7.92252227856064944e-02
7.12812784644603209e-02 -1.12286604756915676e+00 -8.76425602525567893e-02 -4.02325534283510644e-01 -6.75153266447401645e-02 -6.59599704143681520e-01 4.74767633261521604e-01
1.86204592517830364e-01 -1.32551910081807972e-01 1.03704182423434821e+00 -5.43177715827868682e-02 -9.76854217341135977e-01 6.47485781436955149e-02 5.92528730794370240e-02
1.95998955354995091e-01 -4.45880336992723891e-01 6.75473713796276187e-01 3.01964383857850849e-01 -7.24174705218108672e-01 -6.06576756887434176e-01 2.16611478898211834e-01
6.43296230547323544e-01 -5.66306708106662504e-01 -4.35090128664684384e-01 -2.55404284644897450e-01 6.91140419673685114e-01 -9.45553018682440238e-01 2.26091540030116417e-01
1.19080819390542428e-03 -3.60587731358598784e-01 4.50932561445830382e-01 2.10206339810001280e-01 -8.94465309070241910e-01 -8.40446811478865241e-01 -7.12003184835709013e-01
9.09255050956892241e-02 -3.44892976830566300e-01 5.69163815855042721e-01 -2.18610784480001735e-01 -1.00117266158723517e+00 -8.34394578814436905e-01 1.64605831942979425e-01
1.65429872182472383e-02 -5.23602792303008546e-01 -9.49593924570203418e-01 -2.91019606253352936e-02 8.85302769714468862e-01 -5.09878011061658754e-01 -1.25398466211330162e-01
7.54914433813618002e-01 -7.67291447496814133e-02 1.14720481914107930e+00 -7.46276522451335411e-02 -9.22435544680798691e-01 -8.97945889012628923e-02 1.27221271718395729e-01
1.17003015117194895e-02 1.17863636029817920e-01 1.55310651732233729e+00 5.18789626847351748e-01 -5.88230243989843027e-01 1.60701963047666818e-01 -2.14356475674793379e-01
4.71007197297608968e-02 5.91554675842525080e-01 1.19607630659755437e+00 -1.78531711427212941e-01 -7.20041900881038810e-01 2.48269981788436733e-01 -1.77784911314330080e-01
2.16279891179679620e-02 -1.10201939456425357e+00 5.01048103244349577e-02 -3.11228613717190572e-01 4.85433250257492344e-02 -8.34621682162968948e-01 4.20426821628585745e-01
7.41447877957719520e-02 4.00860864287580609e-01 -3.68355734804950319e-01 -4.70764942920100724e-02 9.39163848552572067e-01 1.06351896527177470e+00 5.22382094540950304e-01
1.45790101950346931e-02 -1.31441504357525263e+00 -6.83974318722927910e-01 7.62529091860327662e-03 1.10805673796372420e-01 -6.74785834656828398e-01 3.14348867242232322e-01
6.22998666955130870e-02 1.37330281425321021e+00 -9.63788030838490239e-02 5.65505180265138518e-01 2.87470899216384301e-01 6.04339742846671690e-01 3.22175733385819257e-02
1.11263692254437510e-01 -3.41852300610509252e-01 1.03427800383677826e+00 -1.61541853852995243e-01 -7.58200003378090903e-01 -3.50365064861436259e-01 1.82534654163411442e-01
2.11217018488401576e-02 -1.24761224726817876e+00 3.86497343494578205e-01 3.37208838023869834e-02 6.68744285153634183e-02 -8.53544703518372749e-01 1.18058863306597123e-01
4.72043434025222974e-01 -1.17284214756134575e+00 -1.14243310479430482e+00 2.29082947815587468e-01 4.49104462833119111e-01 -4.30626013018594600e-01 -8.49750614765258094e-02
2.75721319015042376e-01 5.96065521327688974e-01 -1.23948865008203080e+00 1.27873255045654277e-01 5.91850085464296516e-01 2.54826856880024433e-01 1.83713164581189442e-01
1.15359620661500441e-02 5.74539753674156217e-01 -4.04701489165467887e-01 -3.30963694174489995e-02 4.56192841951761963e-01 1.12147489555364954e+00 1.13426007426474115e-01
4.55902559386041184e-01 7.42436047864284188e-01 8.30157585384625363e-01 -1.37616576566201326e-01 -4.67407590694825736e-01 7.88435377367058265e-01 -9.64424363324453277e-02
6.47921962975267079e-02 -9.89856616040874771e-02 -9.15613364181841471e-01 8.13990456903864873e-02 6.70374935043888232e-01 -6.33206789106783741e-01 -3.70275634363081085e-01
3.40988401861756982e-02 7.57054655910443852e-01 -9.86674079643304003e-01 3.70907332725055111e-03 6.01525780329207449e-01 5.64244209042636613e-01 1.48930947245289019e-01
5.43232210469026758e-03 -2.71606063286884081e-01 8.92888247964244375e-01 2.05756684174608961e-01 -7.88987961019813944e-01 -3.28991151751121480e-01 1.27845554051644827e-01
9.91742982985551191e-02 -2.98901159256160953e-01 3.53706492061415800e-01 -6.61041278608220650e-02 -1.42480596240866819e+00 -9.54484982354649292e-01 1.32494259989276220e-01
1.01642297831104570e-02 -1.16218744169945265e+00 8.07351337291451199e-02 -2.48355106876448017e-01 3.97616382953108805e-01 -8.25794773192842335e-01 -7.98518646649956088e-02
3.94760260537999563e-01 -4.81182548187288450e-01 2.97463941888708588e-02 -1.29125245015519724e-01 -3.91963639313782919e-01 -1.53873461464137740e+00 3.65111774482789309e-01
2.21158328589925096e-01 -2.41892083096229671e-01 -1.04672733690359165e+00 9.85004412556754888e-02 9.64828152276272166e-01 -2.38844780885433816e-02 1.35546613491473428e-01
1.29611279318465086e-03 4.47944035532361728e-01 -8.52790757637749697e-01 1.43578960524366975e-02 6.11999673428179847e-01 6.40029863206676097e-01 -5.27458355258187267e-02
1.27883207834533830e-01 -8.26570762649109558e-01 -9.98850754309225236e-02 -4.98056471883061222e-02 -1.26220172094406280e-01 -9.99286247505579484e-01 -3.29396983650292297e-01
6.61464203991899216e-03 -1.00838531728331260e+00 4.40981475514282406e-01 -4.03680918918720294e-02 -1.37003405961846986e-01 -9.43498532670060563e-01 7.65512586528112049e-02
8.43298329334841480e-03 -5.46204485201408629e-01 -6.40708085309817377e-01 4.18512845489458551e-01 6.53192766429417371e-01 -5.45140439042245628e-01 -2.11330915399744294e-02
4.53777032094729443e-02 7.79068412387799780e-01 1.92198147091840660e-01 4.35364671576935480e-02 -6.09496970791966297e-01 1.15169906317752568e+00 -5.45341240849259723e-02
4.99212324235916334e-03 -7.93697645174103128e-01 -8.70244015279069139e-02 1.12771900375211467e-01 1.95673690880989015e-01 -1.08021071300737037e+00 -2.48687546569122758e-01
1.33164537109761838e-01 7.25720286071946608e-01 -1.05525923458560578e+00 3.18387826117977557e-01 5.80325215356241375e-01 4.36699972341795917e-01 -3.21105365022908873e-01
2.91243499943450064e-03 -5.60324426396957453e-01 -4.18646356521205409e-01 4.91838113323371101e-02 7.27297493111807691e-01 -9.78649016739082667e-01 6.74935560914542432e-02
1.98871037572390857e-01 -1.07862080572715779e+00 6.19612618899459400e-01 -6.87249715705545855e-02 -3.71894620135833631e-01 -5.60683829318041171e-01 1.74438884057716931e-01
2.77636858569802636e-01 -1.22661093164914670e+00 4.45980368353962486e-01 -7.53129116340986726e-02 -3.96868723252842628e-02 -6.42344104911406810e-01 -9.39097785047485548e-03
1.16166225777744993e-03 -6.39092609862044747e-01 -4.99899221870278021e-01 -5.14983149081854608e-01 7.06937848981827099e-01 -7.33669012698203837e-01 -1.43210806824143083e-01
2.95570978195998108e-03 -7.34351543095123072e-01 -2.78682256079248014e-01 -2.22382479651671322e-01 5.62207205095111684e-01 -9.02526195191790448e-01 -1.52235098910219274e-01
1.69585346400813186e-01 1.15159610701296122e+00 2.15592417982498674e-01 -1.68772839938686026e-01 -3.67741179620189096e-01 8.50770199756012091e-01 1.32062886184728639e-01
2.98101537294870019e-03 1.04173009612454917e-01 -1.15643297954144875e+00 -2.38119508703867416e-01 6.82079214672212442e-01 1.05214402381123312e-01 3.70492405415896037e-02
9.49266443747119257e-03 -9.57031591770873491e-01 -1.10714242168458536e-02 -1.61365967858608517e-02 -5.55538887702597545e-02 -1.09079998911037634e+00 2.82560948597233352e-01
1.52975924433059046e-01 -7.13153865442764240e-02 -1.26272670405138365e+00 1.92995050294557963e-01 8.33748890181387869e-01 -6.17231862703209802e-02 -2.12701132653887182e-01
1.27253782415314820e-01 1.10711510957236925e+00 -1.38786979162891427e-01 -4.06677606147491030e-02 3.35966709635668270e-01 7.62118602974957815e-01 1.48287916582854035e-01
3.85291910644751726e-02 3.05122922271746033e-01 9.02153495667765815e-01 -1.53631781921879318e-01 -1.09109586157547112e+00 2.34949467496128717e-01 1.14550151329299715e-01
3.68958008211444644e-01 1.42122293636665425e-01 -1.16346915771981263e+00 -3.11930746243931321e-02 9.43964962644405214e-01 -3.83849762306434500e-02 -9.66861512158296993e-02
7.16588082754554268e-02 -1.25108954744042578e+00 1.98783558111598868e-01 -1.93339432831805241e-01 -2.11201678580482397e-03 -6.72284232911280033e-01 2.99763203067728717e-02
1.20489690019692161e-02 2.48235051386927093e-02 6.44306821691670084e-01 -2.37650161918796232e-01 -1.21025026151738713e+00 2.35395772570663325e-01 -7.90415763884250722e-02
5.57358527379947163e-02 -1.59704032968774778e+00 8.48551419167494436e-01 1.99659246584681871e-01 -1.66381421122521994e-01 -5.16408198212364722e-01 -1.79198731253192661e-01
1.35290116689596720e-03 -6.71132032745040741e-01 -1.81515918394496129e-01 1.62019828082275358e-01 2.57037087130640163e-01 -1.16386817486345739e+00 1.73336231083703440e-01
8.96086369422077866e-01 2.57589768687484511e-01 5.73570714482076083e-01 -1.94491277576173335e-02 -1.25841016153467722e+00 6.71710780000355889e-01 -5.03332107949831853e-01
1.23881185298906869e-02 -4.16026087407281364e-01 -3.86747559228201532e-01 1.33530137769062862e-01 1.02404910826418094e+00 -1.12912689768187535e+00 2.25850190387527544e-01
2.66416088124554230e-02 -4.47851686498445867e-01 -4.96180314223858387e-01 -4.91540785552176326e-02 7.41433246956667458e-01 -1.00275676188892948e+00 3.25689068485935818e-01
1.26687127591121611e-03 7.15058719568752443e-01 -1.17480162164834367e+00 4.52897395607745681e-02 5.86730550589147137e-01 2.76579586676955536e-01 1.44624841886757498e-02
6.00279007281402599e-01 -5.30405716750322886e-01 9.14878681965834439e-01 4.81820913852720190e-02 -7.97607184505658484e-01 -4.71242814802690591e-01 -2.59882070176235769e-01
1.13522609917053402e-01 3.82138913536136438e-01 -7.94552651854931624e-01 2.25830785051028882e-01 8.61269712980198832e-01 6.65741739319720582e-01 1.40176736189999623e-01
4.16005960730040855e-03 -8.11035370499168851e-01 -8.43487395982922439e-01 4.87994861630671128e-01 5.37982742233029776e-01 -6.08870315738340939e-01 1.36848390490112132e-01
4.73224050279444017e-03 3.10658960994793613e-02 1.12069727562809529e+00 -3.14990945784348903e-03 -8.48936086444724292e-01 2.18045589116905525e-01 -3.52276013728535842e-01
4.27396405868044754e-03 -7.47733570229680233e-01 -5.06470401026870021e-02 2.47860347044803475e-02 3.47221824195548812e-01 -1.11040839826454740e+00 -6.00839615927920151e-02
1.88614760639193137e-03 -5.85263033298837554e-01 -5.91294951634264487e-01 -2.51989594920984772e-01 4.62415356869338989e-01 -8.37402108993175354e-01 3.83450783490895009e-01
3.45580507690441296e-01 -4.42298254218096765e-01 -2.64423707801471307e-02 3.45165452453031971e-02 5.21911469054373800e-01 -1.65828050323675336e+00 6.17727364384049404e-01
3.26203071838891950e-03 4.65757491575739924e-01 6.09568865420038630e-01 -4.34669825569928875e-04 -6.86336730995066202e-01 8.95735572829147175e-01 2.70426135782891042e-01
9.24004376751013379e-02 1.16869310032730933e+00 -3.26730236901793980e-01 3.93913476654682626e-01 1.38536693847302411e-01 8.08565364156754285e-01 4.36441369211063163e-02
8.32595295059075473e-03 -1.08830181819862171e+00 1.11775373994713184e-01 -2.68644153184673773e-01 4.57177788663782003e-01 -8.07812606905269126e-01 7.25778178252529244e-02
4.08072328263385433e-03 3.05369183443473247e-01 -1.02583351719443172e+00 -6.60334996482240255e-02 8.20724881443188226e-01 2.69835267871149143e-01 6.67507229540324903e-02
3.28349147540738170e-02 4.44652854355555516e-01 7.18552112929093711e-01 -6.62490101627324773e-02 -7.99859199422822353e-01 6.30675947392970282e-01 -6.42322672691733459e-02
2.28130357739837926e-03 1.96657198231209834e-01 -8.78203266764354118e-01 -4.72778205974265453e-01 8.37999061541295442e-01 4.03012892669537937e-01 -4.79885671116749346e-01
2.48505476696852912e-01 7.66604355389779446e-01 8.25105568698397268e-02 -2.36557975165450740e-01 2.78382956226232658e-01 1.05339942763355454e+00 1.63693436166164330e-01
2.04915704441148844e-01 -1.10123144179789678e+00 4.94487617239646793e-01 3.23784227536011326e-01 -3.51092693864041294e-01 -6.75006998458476670e-01 -3.23890193723387176e-01
1.75246160513405809e-02 3.71617708435393823e-01 5.58608302032897130e-01 -3.96182570604703965e-01 -9.02684496964539784e-01 6.42947322727604798e-01 6.65332871870496056e-01
4.05208371353576013e-01 5.60863654991425875e-01 -9.92592945186462239e-01 1.42319360021523372e-01 5.70436267793253071e-01 6.61398839015530204e-01 2.68759404993558937e-01
1.93134585984744339e-01 -6.44017421599103246e-01 -5.26268611982780854e-01 -1.99056589146681617e-01 9.16302319764594753e-01 -6.72070815900676855e-01 -2.68341224455820593e-01
5.64851410704677540e-03 6.85943360106158195e-02 -7.91562041694152008e-01 -1.11263228812407231e-01 1.06994520754757483e+00 -9.70785351185694395e-02 1.32049975127439240e-01
2.81223212362637824e-03 -5.61243136616551785e-01 -5.39764502237338406e-01 1.44196750774748583e-01 1.03591384326471680e+00 -5.09246081778555237e-01 4.66981066122488936e-02
2.05603999327968329e-02 -6.52340772371011290e-01 9.06802019923525937e-01 -1.28751433317062819e-01 -5.29618966713022332e-01 -5.72386581058401123e-01 1.14286392671475612e-01
4.63520044449146518e-01 -3.91743765437615674e-02 1.27754979626645326e+00 -2.00947334284810541e-01 -6.58284980490344229e-01 4.87143567843228292e-02 -1.56262258695097578e-01
5.77993642308332389e-01 -6.95622207693369798e-01 -3.22949043705194564e-03 3.68325862664307816e-03 -3.63882287717820996e-01 -1.27119587986277538e+00 3.71982539158898007e-01
5.67288409059215487e-02 -2.21890773373497163e-01 -1.41981629679908772e+00 -1.58694577077943627e-01 7.58238898187171717e-01 6.49939170100904684e-02 1.03506414755951015e-01
4.51616620561200791e-02 5.54186036022025319e-01 6.85385062473475193e-01 3.22926553679330319e-01 -7.53662632213867645e-01 7.79294227062863776e-01 4.00062271895051058e-01
1.00086530863045860e-02 -1.05938000389636677e+00 -4.38595318563632819e-01 -5.21665144011107529e-01 3.59969079087831989e-01 -8.05318570413671053e-01 -1.17223734533470778e-01
2.76729624841546840e-01 1.51935045119194728e-01 7.53282313062352382e-01 4.22237798985667767e-01 -1.04176860516809811e+00 2.27159532102962830e-01 -2.78864805316928643e-01
1.94859315537363360e-02 -1.14499745267860775e+00 -1.27509144629917442e-01 2.97091724756662623e-01 -1.10495181491769484e-01 -8.52276933097292022e-01 -6.20976323412857634e-02
2.20986510277127682e-03 5.08012561618635394e-01 -5.45637995303294154e-01 2.80304948751580740e-01 8.31636162932565703e-01 7.08899520571008690e-01 -1.29452194349422761e-01
2.56714390245320612e-01 9.50563937907734080e-02 1.36726302591697335e+00 -1.85194167734096027e-01 -6.50120876236584655e-01 2.53255910856615807e-01 -1.68356152948575782e-01
3.56287803510321526e-03 -9.63523253979884781e-02 7.15757387083993168e-01 1.72991822572328979e-01 -1.24035092143734715e+00 -1.76166621657954686e-01 -9.21511374408621325e-02
8.76809957000040247e-02 -1.20496261616930278e+00 -1.38869837297638826e-01 4.17424994449211662e-01 -2.27838105781538389e-02 -6.51174493893201811e-01 1.12703561113702208e-02
1.27796981878247149e-02 -8.06705845744068895e-01 -8.22943948107292877e-01 -2.00667921981344033e-01 5.59901422349517675e-01 -4.77986885278919582e-01 6.65691054008051980e-02
3.14594822478040312e-02 1.71410254010586538e+00 -3.97873657653196877e-01 1.87783041631993664e-01 1.95428660091594902e-01 5.00346778959393168e-01 -5.12256664130955053e-02
6.30364884206245368e-01 -3.41572351977789179e-01 -1.02536999264812279e+00 7.56131428384589493e-02 6.69668729432543519e-01 -3.53839307968292993e-01 -2.69439953941295385e-01
7.07021744881801473e-01 8.65102229949544999e-01 5.88359354025089432e-01 -1.56045223938854644e-01 -7.00851332645821001e-01 4.90190671299732206e-01 4.78070224930709359e-02
1.35490849746928321e-01 1.06831152032137222e+00 4.59022745707891977e-01 -3.81676821207316164e-01 -1.89650424492076974e-01 8.08060075302124980e-01 1.17050781886162816e-01
1.25866695467641027e-02 -6.47656073821190947e-01 -1.88679479339796119e-01 -1.10650493945408226e-01 -1.42617168532604199e-01 -1.19194573693816341e+00 3.17531824200645851e-01
3.03617983985948053e-03 -1.10901660813651071e+00 9.01188550418157264e-01 -9.51351097921816630e-02 -3.78006939033821598e-01 -4.52555498472297701e-01 8.11137751992516559e-02
3.30004154144433477e-03 3.25541471094948520e-01 -9.46598239021702703e-01 7.49581226444331634e-03 7.43969994553741021e-01 3.58065487352604739e-01 4.05738622689235717e-01
2.95381931640639707e-03 -7.65891421297350217e-01 4.64350083276138872e-02 -3.57682700608284776e-01 -3.26748353753583687e-01 -1.09308916224584940e+00 1.16477711773944420e-01
2.79094150280944676e-02 -6.87058428572757451e-01 1.80432152416457536e+00 5.76196956079047196e-01 -3.80255005039198735e-01 -2.58136572840532152e-01 5.77824108104753459e-02
2.75413109394699283e-02 2.41439681948598439e-01 6.25914929745988613e-01 1.23753373901011765e-01 -1.18508389011100612e+00 2.67374159425168623e-01 -5.96937567523526336e-01
1.69124702534613654e-03 8.81918869022482066e-01 1.02646063364922524e+00 -2.12215341448323130e-01 -6.56036375733451638e-01 5.04057920951135441e-01 -2.24892965079707303e-02
1.50648491601027522e-03 -2.99116381242983988e-02 7.96429301153604885e-01 -1.62984081753994425e-01 -1.06138152787154416e+00 -2.00227990301072127e-02 -3.59353149208572975e-01
1.88365595327046664e-01 8.43215835703375438e-01 7.73580666874256750e-01 -1.78290338062488729e-01 -6.45071207708972749e-01 3.66618299299408812e-01 -1.32409639244097876e-01
1.21886779633653634e-02 6.34563544864230944e-01 -7.14554766758300319e-01 1.39626993318838877e-01 7.78662884763439034e-01 4.57964158451326431e-01 -1.42814987818370764e-01
2.27623708885972165e-01 -1.52838186435842183e-01 5.34814216994903724e-01 3.85671188287357580e-02 -1.56148200552991900e+00 -5.12636906493745253e-03 3.56030493143643711e-01
7.69568671468192966e-01 -5.69873068255654980e-01 -4.59537087490800522e-01 -2.22008095901456343e-01 7.25820337197969789e-01 -6.20882932097166718e-01 -8.31246824029451048e-01
5.59131954497986000e-02 8.07527623249886917e-01 -3.66555566679936717e-01 2.49199970093377465e-01 -6.67011667238712469e-02 8.38787164706189081e-01 4.33108427817179509e-01
2.32484147835582106e-01 5.92374329071771122e-01 8.71815133464799885e-01 -1.41264060011904641e-01 -8.57870749774967134e-01 2.94321192314577817e-01 5.88224476521867767e-02
2.91760220568127587e-02 4.51979906088452010e-01 -4.06254479539953528e-01 2.97184365551407051e-02 1.32101041444743794e+00 5.80788223538336923e-01 -3.62704921907658573e-01
1.94265417863893862e-02 -2.43659548628652162e-01 -7.24403880974521797e-01 -2.20957143924344623e-01 1.04065468733688893e+00 -1.68410812323652764e-01 1.56654771712302805e-02
3.41809562733741412e-02 -9.90135313166803921e-01 4.71236750318589082e-01 2.08804697231934379e-02 -5.20425705279414785e-01 -8.09717131482628916e-01 9.60864309166449271e-02
2.17429602486769374e-01 -7.47571270399974508e-01 5.49330269468450094e-01 3.60395467440676018e-04 -4.70653069869656937e-01 -8.56900174454849894e-01 4.23951326082846192e-02
1.76499019388752054e-03 -5.92937271386327680e-01 5.05967744571126032e-01 -9.15736841347717379e-02 -7.53399715897204003e-01 -8.21273014891199638e-01 -1.69269905003579489e-02
5.10179587308222035e-02 5.22797163447792923e-01 6.17047548515954891e-01 3.09320170205112654e-01 -6.61756033186522430e-01 1.02526242799748357e+00 2.19915033550310141e-01
2.85762979496196230e-02 1.15848502859178826e+00 -6.37793143066784252e-01 2.57760063768889269e-01 3.63375444840144279e-01 4.41864662407048636e-01 -9.66741248628304878e-02
4.62477132091501597e-01 -7.04334909531103004e-01 5.58644981397680818e-01 -1.60533527763853517e-01 -4.96493793665819305e-01 -8.35295566370579667e-01 1.41183551311570343e-01
2.89979264397388636e-03 -1.07050777412397879e+00 2.27091383451523271e-01 9.48198286993640754e-02 -8.90109190546504309e-02 -6.72666230551262956e-01 1.00739908652021912e-01
1.82834746413432507e-03 -1.08299464631585393e-01 1.75715232371047625e+00 -1.23477569834879328e-01 -4.67547474548941522e-01 2.08500920616721819e-01 1.94352494404213344e-01
4.98871883572493124e-02 -1.35834366372859661e+00 2.35050617863697464e-01 4.08658938768533764e-01 -2.03591759514351101e-01 -7.26777349149382856e-01 1.91970205225010238e-01
5.05206721256759139e-01 -7.14534146571493611e-01 -1.22522470003046169e+00 1.09130942367944475e-01 4.51108888065006985e-01 -5.30798222699107702e-01 -1.56373036262995174e-01
1.39741399672434923e-03 -5.42253672242673956e-01 4.56021733934504570e-01 -1.26558718633233536e-01 -9.60846527532095984e-01 -9.17951190475354450e-01 -2.75416849773845285e-01
2.74388843554201596e-03 -3.07453714325627459e-01 -8.75183148237218433e-01 3.97255017600769422e-02 9.21764467466664295e-01 -1.93194642648812781e-01 5.60982376032046898e-02
2.14315647025191611e-02 -1.30060048832285863e-01 1.11309910851009519e+00 2.90896719522877878e-02 -8.97736234210460782e-01 -3.55613388433066502e-01 -3.80141594909857716e-02
7.75022256677022847e-01 -5.01880719990888458e-01 3.61755685892347412e-01 -6.83761961006385671e-03 -8.98225466245930360e-01 -1.01030414085917730e+00 1.14014454946191612e-01
2.84003017289470652e-02 6.45443758444016136e-01 -4.69550325857635897e-01 -3.09302760261283283e-01 9.00118876918023836e-01 4.48647245798128647e-01 9.36251199968498315e-02
7.78768614492515110e-01 -2.26259988924374877e-01 -1.45060480840886874e+00 7.53976200998574209e-01 5.41883391595860742e-01 -2.74956188392090184e-01 -2.19599448002835956e-01
5.51354605816761680e-03 1.16251528094806122e+00 1.17009829915672037e+00 1.45136869023281573e-01 -5.25461656973727043e-01 3.63657941651790606e-01 -1.21786152019421699e-02
1.70259672218584263e-01 6.48546829628953159e-01 -2.93803782656386903e-01 -2.31677711036355316e-01 2.23608122441974200e-01 1.09598466388395566e+00 4.50265363508294658e-01
7.74505851753811703e-02 -6.19009607145051488e-01 5.33326208199870311e-01 -1.45448227974011527e-02 -8.31010178919786346e-01 -8.16180863766947762e-01 -2.37139865531546978e-01
5.30813920876226919e-01 -9.33352713785901233e-01 -5.68209927229607059e-01 3.47581028444056861e-01 4.38319845435351074e-01 -4.84527127534399693e-01 2.41159170837533632e-01
8.09936513011728365e-02 1.14772380804121532e+00 -1.36542547644795842e-01 3.24222439156358344e-01 3.65094532996893761e-01 7.77250757844055173e-01 -3.02338240644857259e-01
6.63642594100830735e-02 -5.73250063970059176e-01 4.20886520430882483e-01 -3.39274283285074668e-02 -6.93154938826194833e-01 -1.03101151804967528e+00 -1.65723234064267477e-01
1.17767304616259207e-02 -2.07449969826969671e-01 -6.64023769849516166e-01 -1.86495008896019443e-01 1.31706900199724197e+00 -1.29191833282172763e-01 -2.06194092624065073e-01
4.34534503865460706e-02 2.54400189509536134e-01 -1.04892271956490868e+00 8.09728806196890159e-03 7.04760431269608523e-01 3.02815233484055812e-01 -2.24170668686233393e-02
3.97702157620549224e-01 1.06458655471217623e+00 3.19778939981831323e-01 -5.88845206045326530e-01 -4.83413753871082208e-01 6.03212470457502259e-01 9.54776265416128339e-02
2.26479217536899730e-02 5.14322719952695295e-01 4.32239928886957378e-02 -3.06856635218641337e-02 -6.88735254365418631e-02 1.59598959749106162e+00 3.59998967304305389e-02
2.50071257551231114e-02 5.14071453507887965e-01 1.03525081205683422e+00 -2.25039870461116120e-01 -7.71299886726891537e-01 3.21246706133160642e-01 6.94904556859039513e-02
3.01353295052157084e-02 1.07917407702274026e+00 -3.17551845319379716e-02 2.79249129032325627e-01 -2.02866670974593599e-01 8.10337255909685639e-01 -1.14200432919388181e-01
7.75870649327583678e-02 -6.98201750096072993e-01 2.64310289272046806e-01 -7.87807381362133213e-02 -7.42275570848366040e-01 -7.66378512850746874e-01 -4.67622496010163369e-01
1.61170096053785059e-02 -5.29965946462284454e-01 3.30502712848316782e-01 -1.73999976596311529e-01 -1.03633523290126006e+00 -8.31792470974137221e-01 -3.73397582271965567e-01
2.39382353014791580e-03 1.50921144140671037e-01 -9.26906335346680765e-01 3.99346351932301669e-01 8.72803046998954057e-01 2.05302178203846830e-01 1.63491967095154123e-01
1.98842007519061791e-03 -7.32345162298780439e-01 5.03080790073262452e-01 9.87410044117771335e-02 -3.50922305652515532e-01 -9.25068093337479080e-01 -1.38143061323288963e-01
1.05964973659237825e-02 -1.07068806036914665e+00 -2.00510520570130829e-01 -4.06156481330863184e-01 -1.56850553725521397e-01 -8.99572391396991300e-01 1.88444116917766136e-01
4.19398552148939618e-02 9.42893803238721184e-01 -9.62297102045454045e-01 -1.56178600908003923e-01 4.42687658912996662e-01 5.65814012786355014e-01 3.74990457400678823e-01
5.39075934116097555e-01 9.65892241007070496e-01 -3.00710684001124495e-01 9.53094989413021815e-02 4.56268755057160968e-01 6.22838724243053643e-01 1.14689172454616822e-01
3.07690300113236739e-03 1.06302344529537041e+00 1.03448706042744032e+00 2.41353532388925152e-02 -4.64220694603151907e-01 3.13178581342652418e-01 -2.63654684957761676e-01
4.24116774032698776e-03 8.28318258861892476e-01 -7.39149854485444457e-01 -2.38658398190288931e-02 3.91798795273131772e-01 4.82893093323082112e-01 -5.68208224562028130e-01
3.55489027077877766e-03 5.50761713562124333e-01 1.19907872471139682e-01 4.12527650372627730e-02 -3.24582885476725425e-01 1.43235624981206455e+00 -1.47797519847720771e-01
6.66582589907992462e-01 4.63164403224150922e-01 -7.93447947573322043e-01 2.48241197208570963e-01 7.85478868309283040e-01 4.31502350000831536e-01 -2.94037452468751612e-02
1.96774016968703884e-02 -9.77760532032810992e-01 -5.57689074586552813e-01 -5.68859944922297731e-02 6.02919703765884885e-01 -4.44178238371813250e-01 1.74374388400856291e-02
1.25781063789613245e-02 5.51492061500309050e-01 -1.23089480802767781e+00 -9.19986407635390580e-02 7.93274748772580862e-01 2.47267029974339719e-01 1.07830183956832817e-01
1.08712692439426957e-03 -7.71744243499211113e-01 3.57648820808020074e-01 -2.97182747504006819e-02 -3.09548427771932200e-01 -9.91644681537958483e-01 -1.59687199036275262e-01
2.78920300146791346e-02 -9.42694446604541159e-01 -1.06476175449600974e+00 2.55245749593172866e-01 4.49633993062294679e-01 -5.65672253264155822e-01 -8.15068747010891520e-02
3.25559007421872895e-02 -5.63173544925284486e-01 6.56801870097852847e-01 8.29871872263895083e-02 -9.88684798679705046e-01 -1.98757711360824985e-01 2.40903184864244918e-01
2.44661133500307954e-03 -1.34414047880587462e+00 6.21482010795524342e-01 4.54325394998622456e-01 -1.02620575389883492e-01 -6.53449471948711058e-01 2.47582560499580891e-02
1.03919112184504038e-02 -9.66311918833944183e-01 -3.50566227038527078e-01 -2.70161707070594670e-01 3.65135787453734206e-01 -6.09010101505417567e-01 8.35718181243106928e-02
2.09108928412106571e-02 7.80444833047807540e-01 4.60907767610718389e-01 5.96610988565949435e-03 -6.24515897586653601e-01 8.09408497609637068e-01 1.82524455521677120e-01
7.56892619335416544e-02 9.10782758732618825e-01 -4.81824003441526705e-01 1.88754289153619970e-01 5.12271778205695250e-01 7.89529615708696286e-01 -2.93666183583098095e-01
3.88093163170772238e-03 -1.04649606124555761e+00 -1.36732538364049261e+00 9.62289271597816520e-01 3.35101564638217664e-01 -2.19844921246954483e-01 -8.55201640249320799e-02
3.04308643481676078e-01 1.08241313667902728e+00 4.68835954145874922e-01 -1.15577741947338636e-01 -1.08394933103083485e-01 7.29752476576224662e-01 2.92684544163999749e-01
7.02922793703826543e-02 1.00713849298042835e+00 -1.13522388323471168e+00 1.67831002160199860e-01 5.75102971185235234e-01 4.10072701424601838e-01 1.59989964844414523e-01
1.26139829639323048e-01 -7.52385643650462566e-01 2.24834636971688762e-01 1.43860036596098056e-01 -2.16270886974502696e-01 -1.13991576036789444e+00 2.05058888939837841e-01
1.26737545698969362e-01 -5.64427389105705002e-01 6.39752338369882434e-01 -2.25925251287489026e-01 -4.73222563967161225e-01 -1.02432793485536933e+00 -4.32490820428208800e-02
3.43805379626816159e-03 6.01650250892607819e-01 3.27664345142000685e-02 -4.66418867617152066e-01 5.08236471248979596e-02 1.18744661394804063e+00 4.12591120416361812e-02
4.63767084492080692e-03 -9.29049744725373494e-01 4.77741506594358822e-01 -1.65341826795527336e-01 -4.04811624672732795e-01 -8.05377307016881150e-01 1.66107240362757341e-01
4.40851234479551421e-02 -5.12932581800529475e-01 -1.02954849762613376e+00 -2.94778724988899836e-02 5.54567231969975483e-01 -4.90563865294722901e-01 2.63109121648671451e-01
7.47006019629797846e-02 -9.85905060402261918e-02 7.09832585803834237e-01 -4.93219522348576578e-01 -1.19046458255373411e+00 1.61747575180166414e-01 2.22383469948168544e-01
2.12895760118895494e-01 -5.90222203579038429e-01 7.16431275810755386e-01 -1.61373979267145029e-01 -8.13841300961834158e-01 -6.40733584889439878e-01 8.74349421297563878e-02
4.79896328109127995e-02 3.56103635538371821e-01 7.19197676130440278e-01 2.97453325957021619e-01 -1.15127110820554113e+00 7.28475667365894863e-02 3.62349222605421240e-01
2.13305738999057221e-01 -6.13708048008726678e-02 7.88117315124320816e-01 4.27957571418176030e-01 -1.02484256338897106e+00 4.11347226713611736e-01 1.27586348051672932e-01
1.76040757904201667e-03 -5.82318665011017034e-01 -4.63082692767212090e-01 -4.19429625370791176e-02 6.39672493262377628e-01 -6.69888798449391420e-01 -6.79369273668900764e-01
3.13804088669071210e-02 -2.88366208800926949e-01 -6.00679365951299116e-01 -1.22505179844711126e-01 1.18006402694200596e+00 -6.39974134291813601e-01 1.47252761430530007e-02
2.62150599466471970e-02 5.34758174313223256e-01 -5.73437712176451453e-01 2.46925739507078967e-01 6.20761614810338203e-01 8.35865230738073728e-01 3.92246212045088749e-01
1.01836171089113581e-02 2.91831589238162825e-01 5.10117502563826486e-01 -3.55793465075029181e-01 -1.29964818011199612e+00 -1.88026164945043067e-01 -4.12658871805554779e-03
3.87333250274032106e-02 -3.04825953522476923e-03 9.32448092058149713e-01 -1.99255909392523717e-01 -8.96768374080312736e-01 -3.86957169255006284e-01 -6.67386328604913648e-02
1.08846961584046480e-02 4.33842505776402321e-01 4.35477457104514298e-01 -1.78667503857164622e-01 -1.02163750301686207e+00 8.49837663671388355e-01 -6.86339626734499275e-02
3.69471836482009605e-03 3.50029317681973540e-01 2.94304576296994580e-01 1.41259764444241959e-01 -1.12629679353100709e+00 1.10203093631158255e+00 9.25630667674054664e-01
9.37627991067871945e-03 9.04049139940367591e-02 -7.54085976296953731e-01 -1.58908090285073023e-01 1.09141232064121585e+00 -9.03196777848662147e-02 5.10632718896474741e-02
3.49142470467005001e-02 -8.27720363637523993e-01 -3.09401469334219914e-01 -3.61958104528270430e-01 4.87976927797445170e-01 -9.43777868136594478e-01 -7.51339245361336699e-02
1.51186942999825425e-02 5.27707046847846750e-01 6.41804662308674390e-01 1.25746488018601360e-01 -9.28920459610461213e-01 6.50386832000155679e-01 8.12916239658634521e-02
5.07743011504713793e-01 3.08686928352990719e-01 1.27109966637572436e+00 -3.38476172075490078e-01 -7.19252291720481995e-01 1.76239817695480111e-01 -3.49492866995784246e-01
3.26394972909678938e-03 -9.44850112104599349e-01 3.12216228369142812e-01 1.44446245547679875e-01 -2.58743226599539411e-01 -9.12784171207095540e-01 -7.67099663221819383e-03
4.50771549334854249e-01 -3.06100939376290460e-01 4.47105468423519670e-01 -2.99664544705337127e-02 -1.24199545609297912e+00 -9.50553140842257949e-01 5.17331318391386769e-02
1.15772662589854196e-03 -6.30442286911935268e-01 -2.72032346243072931e-01 -1.70911700014875628e-02 4.47890320572826461e-01 -1.21606103718074943e+00 -9.33583913315445685e-02
7.39556720535912947e-03 -8.38788876841447872e-01 -7.64159997335029484e-01 3.70682418434223823e-02 7.06511731842204949e-01 -5.27100717737733038e-01 1.58014647165079736e-01
3.32934613732369933e-02 3.21281718524527915e-01 -9.39184616257352944e-01 -1.72811899984694817e-01 8.53307775516233269e-01 5.42102397836199623e-01 -5.40914906129876943e-02
7.04811083401709948e-01 9.02591978319761012e-01 5.19333447133783599e-01 -6.22188432270695646e-01 -3.14763491085897296e-01 5.09391307874873633e-01 1.27705562817299334e-01
3.88915107302749505e-03 9.23163634721573034e-01 3.49503841093070311e-01 -2.52438252048215350e-01 -4.84963011499479291e-01 6.75416655098107777e-01 -4.30210121410760093e-01
3.06855855149747864e-02 5.23440978781822275e-01 9.90128316668918762e-01 -2.63910338099308528e-02 -8.08563947467897282e-01 4.83662895064781606e-01 -3.32605849424890354e-01
3.25203266283354345e-02 2.18849769883457723e-01 1.16607554674579039e+00 -1.94228162702991619e-01 -7.52234404981088178e-01 -1.09377716600312785e-01 1.04398730437107512e-01
1.00841072371056151e+00 5.04682026995396771e-01 9.62315824534088621e-02 -1.55292700504494827e-02 -7.52205300484627637e-01 1.40389262651445357e+00 2.76504451843052945e-01
5.00741291924752696e-01 -1.18367920875223165e+00 4.25288117015613476e-01 4.18762396591839114e-02 3.12435781713558194e-02 -5.70807255585719875e-01 2.57757298727874007e-01
3.22168147830926557e-03 -6.43989091970386340e-01 -4.42633034675176729e-01 -1.54526362429343520e-02 4.62199278076084408e-01 -9.62932343875275265e-01 3.55781361164027171e-02
2.36915844643703244e-01 5.35611022657306424e-01 4.25806912959230621e-01 -7.29638931806046304e-02 -8.94372358181518612e-01 8.64904165306705885e-01 2.28307218402618639e-01
1.98862562864833645e-03 -2.60700427944999591e-01 9.61051232666416455e-01 -3.45951877558846668e-02 -9.64174121209300017e-01 -3.69632660375917355e-01 -8.07671970738109456e-05
1.12031782973600145e-02 1.49072938478856332e-01 6.68091244363658521e-01 2.60325738611715929e-01 -1.06483445144796107e+00 -1.44100580547597473e-01 -4.09135295911635666e-01
5.32699074596601041e-01 8.71007776571860348e-01 -7.76162532128493288e-01 3.18826406753697333e-01 4.72428235631682292e-01 5.92656303597109302e-01 6.63909779972196301e-02
3.30667521130823761e-01 1.04228838741113120e-01 -1.13363727288233362e+00 -1.15376686542389625e-01 7.21212803462588314e-01 4.23079569301847203e-01 -9.18915300317855038e-02
6.50672085320783741e-03 9.99645969096253362e-01 7.19658556269632044e-01 1.22388976581229471e-02 -1.36190577495008784e-02 7.90007036753008318e-01 6.77547641381777699e-02
2.13569369543761128e-01 6.89198650615444386e-01 1.12029181357104735e+00 7.12780635463994006e-02 -5.42316545033154074e-01 4.60501295961181001e-01 7.68146185862593894e-02
1.97580767012068897e-03 4.34068406170280974e-02 -5.81651358878831570e-01 -6.78558216381639212e-02 1.46884595917400995e+00 2.98024959597170236e-01 1.76320027668967427e-01
1.67584855266863786e-01 -1.17710539995514174e+00 2.67986413739407403e-01 1.95483873913985473e-01 -1.86264566854831212e-02 -7.20000317265822254e-01 6.03091376045481464e-02
4.67702858648078146e-01 1.01292723684854535e+00 2.96707965510669580e-01 1.85900209309192682e-01 -4.64004384522709923e-01 5.51872459164354012e-01 3.54263015528855751e-01
3.66401073301941216e-01 3.52962909569429051e-01 4.12409676901380473e-01 1.25965436368166483e-01 -6.90707366064642003e-01 1.34857969054728355e+00 1.42600855890269829e-01
9.51083161347175632e-01 1.06987505740239430e+00 4.48250494386472909e-01 8.84795481857623689e-02 -1.48072492402018696e-01 8.43327287320949859e-01 -9.09071135223117610e-02
1.01024029350820013e-02 8.71743321810850458e-01 8.56064859816393575e-01 5.75264605188271272e-01 -5.75423946854181190e-01 4.05756089907471751e-01 5.43717448027923461e-02
1.69876664971839696e-02 -1.21391933315432676e+00 2.23130069142483470e-02 6.22997943170105706e-01 1.45881998113716410e-01 -8.05523028213973813e-01 9.36389124949946333e-02
5.53854960061836606e-03 -3.81571481581690353e-01 -4.91353395937730697e-01 -8.25065716342090194e-02 1.11673278461538494e+00 -5.80443590100135687e-01 5.63169724124809590e-01
2.97303345705866758e-02 -6.02080968752600643e-01 -1.32267542801033677e+00 1.90818737279186482e-02 7.51032047917482348e-01 -1.19631802304977594e-01 -7.62507168045105516e-02
5.23366181016740151e-01 -1.94578194768468882e-01 1.01977576578160423e+00 -3.45071730585013448e-01 -7.94667126232780352e-01 -1.02124721035352584e-01 -1.30312910904409079e-01
6.00235237511086671e-03 -1.70311248585309460e+00 -8.81732119053008190e-01 -1.29995943047925527e-01 3.44938327697454694e-01 -2.73300197342597584e-01 3.49128490527791796e-02
6.43244443365055367e-03 -1.12396610229081273e+00 5.42545985631897709e-01 -2.62872813240733819e-02 -2.40199137591014300e-01 -7.49925770300341132e-01 -1.55695156665037082e-01
4.75762752311437599e-03 -1.04254658525845678e+00 7.97918511560705590e-01 5.07673118728225181e-01 -6.25752452002006354e-01 -4.24945916596716489e-01 2.14232171104288743e-01
8.48885921822461198e-02 4.02284745916116515e-01 1.42169469598951337e+00 1.18870050249521964e-01 -6.30017029551433794e-01 8.08369023089635375e-02 -1.52318998255149468e-01
2.01937159238397721e-03 6.44002281172480040e-01 -1.86628514996435929e-01 -8.73927215614161562e-02 4.07453386810425700e-01 1.21318294006172867e+00 8.28890861901776660e-02
5.73670275205436907e-03 1.68365612595711034e-01 -5.97622683454984260e-01 -1.91438676816690634e-01 1.05140001234373992e+00 1.00025495493728944e+00 3.87012665932552347e-01
9.28699780261826521e-03 2.01202874612840726e-01 -1.21789517278593973e+00 5.78414548611197898e-01 7.42441769924697792e-01 -2.18473816801438681e-01 1.07917606832710102e-02
6.48099180606781077e-03 -6.35307953658797775e-01 3.51772630765398386e-01 -8.42862649528045710e-02 -6.97680983237289887e-01 -1.02351246956626829e+00 -1.67080972705124065e-01
2.31707275956926279e-01 -5.78432186989125130e-01 1.75297050753681266e-01 5.91087228398885223e-02 -5.50681697519112556e-01 -1.33512986036159931e+00 4.16379178378186221e-01
6.79639824886118626e-01 -1.19607139508419369e+00 -1.90045682784992925e-01 -1.13158409266483836e-01 3.43614424570757804e-01 -8.38067709815607742e-01 1.41853543492539425e-01
6.24868544436298513e-03 6.28997038482224435e-01 -8.60297787023598270e-01 5.56168743477197247e-01 6.70258306280158145e-01 1.58419633760637224e-01 -3.83722638400653968e-03
1.06571218183789429e+00 6.68127607725224615e-01 6.98629342729726321e-01 5.19390621153287615e-02 -8.29623305294156399e-01 5.31335045281109863e-01 3.28981200713894112e-02
9.04502908194712019e-02 -9.29341682297182614e-01 4.00726005325155787e-01 -3.16807529348117622e-02 -3.14685880884492231e-01 -8.25967362012634765e-01 -5.26608710283804293e-01
7.53101836028185687e-03 6.59484512048032767e-02 8.00161001704260966e-01 -1.09149766778640037e-01 -1.12721145152033109e+00 3.03523556171261144e-01 3.42058276389223703e-01
1.44417494558330838e-03 -3.18473531031656654e-01 -6.96815042605312129e-01 -1.85348476052069833e-01 1.01976982288796192e+00 -3.38806800637349304e-01 -1.13816958927338598e-02
4.13858253608296242e-02 -6.71723594832064230e-01 6.74821114136560762e-01 1.42178291148528563e-01 -6.00788122099916833e-01 -7.44847694149283757e-01 -9.48151286091289958e-02
2.31897717269267736e-02 9.42040041063793243e-01 -6.87393692981902227e-01 2.37799709311636381e-01 4.25249731583377477e-01 6.23130690642123009e-01 4.46523869918701244e-01
1.92170748834544769e-02 -1.27359955423212573e-01 -7.12845826215663503e-01 3.75002719655769645e-01 1.07622256433204488e+00 4.00912019383860396e-01 -2.82224568626941563e-01
7.61693758224828432e-01 -2.77537739835237385e-01 1.39392322794725332e+00 2.44049711086080784e-01 -6.17715785622979574e-01 -1.72099753176245679e-01 -1.03680668712612584e-01
4.33379859320278948e-01 1.18081826012879021e+00 6.12081673736785570e-01 -4.20125984516461770e-02 -6.39651686331157099e-01 4.91765977555043032e-01 -7.95588989473245134e-02
1.97754644633010949e-02 -7.92980917334960789e-01 -7.50593995665921887e-01 -2.06803234748150822e-01 7.91561911712057364e-01 -6.23168567363402759e-01 -8.23845077304959789e-02
1.17153660729252805e-03 9.32557946672291749e-01 -4.11649117832065092e-01 1.95460221631116066e-01 3.81160756907202858e-01 8.07692994502752226e-01 6.40964551225697565e-02
1.34837433962757616e-02 -3.99698702744409995e-01 -9.61733956134585122e-01 1.42065476157238968e-01 9.31381960775319651e-01 -5.06197305490902055e-02 2.04306958191843441e-01
6.13192233344889929e-03 -9.51118625837539589e-01 1.38468094244063322e+00 -2.33924655543285946e-02 -3.60714675428819020e-01 -3.25336567151606249e-01 -6.44932518923801816e-03
8.21741358049277310e-02 -9.30424161951527995e-02 6.26433697556932567e-01 5.73676611214121515e-02 -1.22185473870172201e+00 4.73732483651581104e-01 4.40561103115978236e-01
5.00798536459229685e-02 6.92203791778848831e-01 -6.64304650379926698e-01 1.75987461011473778e-01 5.57478224609008977e-01 6.30019591051938943e-01 1.38477558316268505e-02
1.01519932080222905e-01 -7.83147498568333100e-01 -5.15681037849351154e-01 2.52103899976470758e-01 9.44467665605622009e-01 -5.47857245284533834e-01 8.20846120456155542e-02
1.38925603405872539e-01 -1.87583514278779478e-01 -7.12212474919649341e-01 -1.52098930414505534e-01 1.07706016811606498e+00 1.92498530015926622e-01 -4.39544093963928961e-01
3.40416340977690440e-02 7.84961176292088392e-01 7.21533062452264923e-02 -8.73768966675335657e-02 -1.10130686069924794e-01 9.06753181305414047e-01 5.42170387524697817e-01
4.21532643620051422e-03 -6.06821097221568184e-01 1.26326696637801539e+00 -4.12090826326806048e-01 -6.87906690047056180e-01 -3.29887733394674587e-01 -6.85811910936803132e-02
3.21375438941886790e-02 -9.93317046444054386e-01 -1.12657635348894170e+00 -8.23309364471002531e-02 4.95420763890736804e-01 -4.07963075630892569e-01 1.73553069462377724e-01
1.02256569772860212e-01 -4.17034786985141681e-01 -9.69450125084546532e-01 -3.41665287955710384e-01 6.53029829953638008e-01 -3.09133230061612585e-01 -7.71067380568224159e-02
5.25911301008006649e-01 9.71037826174049323e-01 -2.87154907460489883e-01 2.53843614015407115e-01 6.06657364037623159e-01 7.51303286982152430e-01 6.34669673055935218e-02
2.85813597942121744e-01 1.20385359335390230e+00 -2.00047274411884940e-01 -1.60821802795725444e-01 1.82888423184017324e-01 8.95805979602416813e-01 9.06579770241866256e-02
1.06961570553170926e+00 5.77111855571162513e-01 -1.17660531668075863e+00 1.38601121233651675e-01 4.88553930297224770e-01 3.90808482596628648e-01 -8.44878525005260533e-02
2.63306381918594311e-02 -7.91005263058591646e-01 -3.08179101731567429e-01 1.67730868385938564e-01 4.76089626535166482e-02 -1.11927241397279831e+00 -1.14112054933164786e-01
1.55403210594420491e-03 1.34819663015037627e+00 3.90031059437867311e-01 -6.11551621649010224e-02 -2.96900571487779597e-01 5.51460944860116986e-01 1.43550262254517419e-01
2.04266662077944167e-02 -1.47858135654367479e-01 -1.62103542017716973e+00 1.68215757212696077e-01 5.06133671044087130e-01 2.37512184490743711e-01 2.17795880661635938e-01
1.18642974699524964e-03 1.06563392966020443e+00 -6.75733668475224425e-01 4.36245967908625465e-01 4.19865043855956466e-01 6.49574577695836708e-01 3.54557956411019504e-01
4.91415117564929314e-03 6.88247033636789518e-01 -1.06487961990774171e+00 -1.89289658917875941e-01 4.62431470907761488e-01 4.76034369244472844e-01 1.65324749896424122e-01
9.46420643184845201e-01 4.62682615120966312e-01 9.28633382327432311e-01 -2.37803122888553042e-01 -8.02360267152802176e-01 5.09363590626494278e-01 1.18819462516951121e-01
2.51634848754156383e-03 -6.45365158699765962e-01 -7.78210604966923625e-01 -2.42947979323466338e-02 8.89535063685024774e-01 -2.46417249659242471e-01 -4.29456380350546674e-01
9.41102447063007497e-02 -9.37847688542480906e-01 1.30166979166829160e-02 -6.49453058078171691e-02 -5.55602610832521757e-02 -9.02762505764647893e-01 2.18037254721784424e-01
3.57691999191633303e-01 1.45982386038894441e+00 8.12483266488713829e-01 -5.48557887783934287e-02 -3.72256301366661824e-01 3.86600554477670000e-01 -2.72560010701230870e-01
7.01181289353052933e-02 6.15159747898155751e-01 -8.86948313576320646e-01 -8.19399123642587518e-02 5.38030292299790491e-01 6.24361274088731100e-01 6.83008536287110996e-04
3.63065406651478075e-03 -5.10539321499307253e-01 -6.42703776933724047e-01 -1.30455569228937834e-01 8.39386192342079451e-01 -7.33398382106721480e-01 -9.37441471722673808e-02
4.00878431622792228e-02 -1.28591606569188066e+00 6.83049107621492957e-01 2.71200928812902864e-01 -5.80794398098707032e-01 -4.31889208625331200e-01 1.60729580410680334e-01
6.26158325485306512e-03 7.46558358153093127e-01 -2.53271941637702613e-01 1.38258452977018359e-01 -1.41483816835259374e-01 1.02641627576760852e+00 -2.68231928574317380e-01
2.37964138028215928e-02 -2.74898202388395400e-02 6.56013348788857087e-01 3.69285309968951994e-02 -1.17558818212578209e+00 -6.12197337469187253e-01 -5.84254497171379228e-02
7.23908050411841003e-02 -5.50802110281457313e-01 -7.67491129199368682e-01 -2.66311637897827580e-01 7.52012604783082073e-01 -4.92870127356899501e-01 -9.25316907981203751e-02
1.16238877053977153e-02 -9.01047289442939103e-01 -7.40786029321558570e-01 1.68258160583052957e-01 1.93400658879936904e-01 -8.71067971183538847e-01 -1.11138253441698379e-01
7.09887690934564181e-03 -4.02255499939872981e-03 1.23356576443854227e+00 1.50233487772007179e-01 -7.04138188806518461e-01 -3.45393757862131001e-01 -6.56269491035180313e-02
9.60792165728797887e-01 7.37480630970286710e-01 -1.82244675321696220e-02 2.96161680881061179e-02 3.43831512814500695e-01 1.14678956805435961e+00 -4.20972758156068383e-01
7.74075875405229492e-03 -5.84692061200357549e-01 1.18939054845045922e+00 -5.71363329797266561e-01 -5.70101097207146967e-01 -3.84271286437429083e-01 1.47348216653390318e-01
1.78457037669386151e-03 5.37699183698028826e-01 4.49040391426184016e-01 -8.46313546401169375e-02 -9.69873733721058451e-01 7.68154633069175308e-01 -1.35519682534443964e-01
6.62944117894411628e-02 -7.59579668534309582e-01 1.10534765750104680e-01 3.19545366296655420e-01 8.93393094226407544e-03 -1.08150138778131133e+00 -3.92279785714504253e-02
5.23280329110497201e-03 2.28853569561143638e-01 7.35492629266679576e-01 8.47666523451160170e-02 -1.05449722712824712e+00 4.20353455808168019e-01 -8.19587837027747901e-02
1.35599689371155804e-03 1.17348492249298331e+00 -2.69553465895533917e-01 -2.70794591664726081e-01 2.59811630986616804e-01 7.81477488098618722e-01 7.60472649476492402e-02
2.83714773618510101e-02 5.70917855983562483e-01 -6.39619563635433375e-01 -3.70993355100229572e-01 8.11554951993838647e-01 6.15880153274998121e-01 -9.39036840957228752e-02
8.64989677285182140e-03 -1.12122052530592065e+00 4.72827915275236987e-01 -3.85876969282980889e-02 -1.18271998116665181e-01 -8.16767453258903209e-01 1.29084644172217433e-01
5.15552269173861349e-03 1.29920765015257622e+00 -7.03830350719583886e-01 -3.71370804339655081e-01 3.28433150934914764e-01 5.92877550285488386e-01 -9.87479230560480981e-02
9.53806656282781162e-01 -2.54155653246129987e-01 7.51788628104310575e-01 -2.75974178864340780e-01 -9.47803899426474583e-01 -2.46298637635981671e-01 -3.17104930549292896e-01
1.96712455067677219e-02 -7.21904333269222324e-03 -7.08826381925524940e-01 1.48639037564333970e-01 1.17772652706055792e+00 4.39827393148594536e-01 4.50784299646602826e-01
2.38546636527137812e-01 7.30841891804092203e-01 5.34473623674915466e-01 -7.77388177144212322e-02 -3.27431228635634730e-01 8.45523565666341126e-01 4.45560123131217345e-01
3.27784241629641315e-01 -1.10282440715900681e-01 -1.16164953300238172e+00 1.84316633657251761e-01 7.16192941594115284e-01 -2.06108117777639877e-01 1.90581915616235796e-02
3.30148413759288146e-03 7.14093853775734311e-01 5.03618445508612789e-01 -1.36375114976824641e-01 -9.65080512374801414e-01 6.07044066035303143e-01 -5.66878175362771630e-02
1.43070443948565551e-01 1.28671638609309635e+00 -5.53008001666721372e-01 -3.29930534982192436e-01 2.09759335295611304e-01 5.19197507878329523e-01 2.96106153497468716e-01
1.72090344616526142e-01 -8.42992666959240911e-01 -1.34684019105297620e-01 1.00241457703686268e-01 3.45460272508975208e-01 -9.14551726137027288e-01 1.27953859320282720e-01
3.33192726512467757e-02 -1.02171597707639572e+00 -6.70806105621717830e-01 -1.64991806614479736e-01 2.72303348100759568e-01 -7.32692068658463813e-01 -1.92228775924743578e-01
2.98484286536963590e-03 -1.38716997241098566e-01 9.85147752211550820e-01 -8.62506352650388441e-02 -9.55963238667320470e-01 2.21492999544436436e-01 2.22680793827765927e-01
1.12623764505094081e-03 -6.25660263669349126e-01 -1.18009823368924871e+00 4.14437248556775925e-02 5.68673018362773730e-01 -4.41971668342045598e-01 -2.70381256114890389e-01
1.32427026253719465e-01 -6.49850649057788887e-01 -8.62916526018728675e-02 -1.03816393191795836e-01 -1.89460248388384489e-02 -1.26817897963854942e+00 2.43444361154336542e-01
8.08831239910030725e-02 -3.00424717871361213e-02 -5.69679969195321712e-01 9.07655898472723988e-02 1.51944902645382185e+00 -1.75218801133359081e-01 7.11038605633136228e-02
3.12491230881406686e-02 3.01354625589395742e-01 4.07082911887650223e-01 1.10602332943818771e-01 -1.25440326069853514e+00 9.46844654369185523e-01 -3.34914147282435293e-01
3.79866664970027121e-02 4.28337265620154506e-01 8.00220259255015609e-01 -2.72439342972318643e-01 -6.22275842231864607e-01 8.12485127159816800e-01 -1.70031871658243398e-02
1.63959784304091583e-02 7.60379968195210809e-01 4.70578156661110414e-01 -6.51719950780842994e-02 -5.35652031112645033e-01 7.19277359721969600e-01 -1.55228237557509363e-01
8.18428503721331524e-03 4.74840991301062443e-01 -3.53243157029308585e-01 1.55576485478727461e-01 8.87693431179666259e-01 1.22001709722973861e+00 3.24334823352951801e-02
5.78925474502661221e-03 4.16197167749152441e-01 1.24746058138041138e+00 2.63981451092974162e-01 -7.91918991343278367e-01 1.68597072566027711e-01 -1.86019477381450277e-01
2.26625500035377639e-02 1.56389288622886524e+00 5.44032821308368830e-01 -6.90522657861048494e-02 -3.26114582784265625e-02 5.39725352532933411e-01 -1.42045490791335660e-01
2.72711086993168705e-02 4.17266990931127346e-01 9.43330264553366438e-01 -3.21603509312640368e-01 -9.17977114911217917e-01 3.53110069220286316e-01 -2.44353155642285880e-01
2.98008900193293255e-03 8.04507675888464613e-01 -2.39604289820879945e-01 1.56742890359895581e-01 2.30918954721414604e-01 9.97470506660992018e-01 3.15610821630673444e-01
7.60614991996050177e-02 -7.34816323590777865e-01 6.04315143390405485e-01 -1.50400278491530620e-01 -6.65982000571503474e-01 -6.06927815957369221e-01 -2.73466829727889660e-01
1.83126353069577891e-01 -3.14747764995804646e-01 8.49502533303072349e-01 8.29922077720127993e-02 -9.25480755082209505e-01 -4.11570111284718765e-01 1.01996796184771213e-01
4.72766861416883399e-01 1.23260268977582821e+00 -9.26075156159646140e-03 -5.09918780439390540e-01 1.24486456898811618e-01 8.09344438201697103e-01 -1.20182134382094186e-01
1.88390632413962880e-02 -3.89938511315152281e-01 5.31328893114174083e-01 5.26075564179684721e-02 -9.69358967451814046e-01 -8.99607829333827436e-01 -1.35286687423619961e-01
1.87269701284678181e-01 -9.92270536540991066e-01 4.69935629369762520e-01 2.73488120672790935e-01 -3.09181521850170928e-02 -8.22739553256136680e-01 1.06228770131374814e-01
8.91102556791080122e-03 -1.62904297092940388e-02 -5.83369158176701097e-01 -2.43412736764632237e-01 1.27978633354457982e+00 -3.12863980802445096e-01 1.18008968516497517e-01
2.02627400615604858e-01 -4.28102047365099880e-01 7.03583175519729376e-01 2.70169426626105769e-01 -6.72317013354059800e-01 -7.65370086949949902e-01 -4.83752324900270481e-01
1.82705351644727787e-01 -7.29375328832596814e-01 -8.78850166252036213e-03 -2.57814596733437040e-01 -2.91262930096875539e-01 -1.08583498667029033e+00 -6.36917365264058177e-01
3.33202499663740492e-01 6.86615770827834315e-01 -8.03223749728065872e-02 -1.03245200549616126e-01 3.53517842441620211e-01 1.19938593317378062e+00 5.28991174172864564e-01
1.29888520672153701e-01 -7.17639046878008835e-01 -3.58202796756523723e-01 1.80940431141162178e-01 8.06290250764997718e-01 -8.75465992834038254e-01 -1.54621136192032382e-01
5.36853892717851500e-02 -3.49507741737894895e-01 -1.17824405054119974e+00 -2.19031043006263637e-01 6.41877427616720730e-01 -1.19362297053327987e-01 4.80036977097881845e-01
4.59024991291131917e-02 -7.81447573205731216e-01 7.67961067660420715e-01 1.15908085839770664e-01 -5.59669742854428276e-01 -8.18633144934932777e-01 2.59672414391860402e-02
7.02298655399532980e-03 5.42280681433548906e-01 1.06962071158775429e+00 2.12323502144397575e-01 -5.94387454836934337e-01 5.36701364685122417e-01 1.73451190721836318e-01
1.69574945074612640e-02 -5.66846716148571073e-01 -9.94768666883136532e-02 -7.95811641470330067e-03 3.56057168424201265e-01 -1.47956898707829243e+00 1.54583603669547320e-01
6.74945587696916816e-02 8.35193235003503509e-01 -3.01715356701251824e-01 8.36557866903595154e-02 1.70168763017635505e-01 9.83234665788281781e-01 3.51960946799713237e-01
7.87918688485756726e-03 8.77064180377150726e-01 1.79238451632171475e-01 1.85585332992752872e-01 -5.71072514264394315e-01 1.00863579283633364e+00 2.33762446533100327e-01
1.17013480610658152e-01 -1.06625077279096070e+00 7.32793069752021964e-01 -6.06510512419354275e-01 -2.75348045968171029e-01 -6.58749804339632927e-01 -2.59273035608534701e-02
7.44642984543496256e-03 1.38096286423283021e+00 3.35533546634185109e-01 -1.70359445849888949e-02 -2.11755136128297994e-01 7.28193148046529903e-01 1.50451133864761138e-01
5.68421299503297228e-02 1.34903532879990129e+00 2.63221302098487209e-01 3.31408581926463719e-01 -2.81883127148158830e-01 7.19260412692138029e-01 5.25025547772275947e-02
7.39716126118053312e-03 -8.38216184871683700e-01 -9.35907242304344633e-01 -9.55911779366836328e-02 5.27203068132775288e-01 -4.97949081468019861e-01 -7.70954956513100614e-02
1.27663662415631110e-03 6.05510439197262995e-01 -8.62128423296646407e-01 9.26411576348812882e-02 8.39553024512355028e-01 4.49095520442271912e-01 -1.42752449116947566e-01
1.25091014276688928e-03 1.31167270299853334e+00 -1.04263507970382974e+00 -2.95962422519970680e-01 4.40716930921720096e-01 4.47633484727651243e-01 8.70802143961138114e-02
6.71423715074168870e-01 -5.55531446377379834e-01 5.94508293345854644e-01 2.75350085195231520e-01 -4.65355253686393411e-01 -9.51007710634976799e-01 2.09613380291764004e-02
2.10728947820000481e-03 -9.35668735714684896e-01 2.51321224920560804e-01 1.66184646678084955e-02 -2.41212217427304892e-01 -1.00970849042501132e+00 -2.45722461834810904e-02
1.78098084221981062e-02 3.43138734944032853e-01 2.85993313027923912e-01 -1.28292532407923127e-01 -1.42057337213363821e+00 9.20103808439342585e-01 2.69727908851049136e-01
6.51694433262041059e-03 2.30291216911672925e-01 6.43921472822624796e-01 -2.62676706087444367e-01 -8.81920524794192029e-01 8.13447686742918674e-01 1.65861942954483227e-01
4.14732721061246857e-03 -2.21807796258401517e-02 -9.69978687457768163e-01 6.47981599500126737e-02 1.06361287036881391e+00 -4.53914312114439764e-02 1.90662287666851921e-01
7.88070218221347159e-03 9.99862246063188520e-01 -5.63638448568198128e-02 -1.29238562231672016e-01 -4.12234888404640412e-02 8.24323079501372735e-01 3.76351650494765211e-01
2.90401880273844643e-03 -1.26556444808853263e+00 8.93402209373827416e-01 1.73395189140235662e-01 -4.59764960337721518e-01 -4.76134214833058456e-01 3.80202282579698292e-02
3.07183071294639225e-02 -9.60684273714459858e-01 5.04601071138847890e-01 5.27051106704835903e-01 -6.21331451107368204e-01 -5.97287168357939158e-01 -2.93286125377903772e-01
2.84277404889959173e-01 -4.80103907397355700e-01 9.23817901037070510e-01 1.31224922157438167e-01 -6.18949036451448720e-01 -6.63384832963220705e-01 3.04560641569040814e-02
2.63882439950092196e-02 -7.84441809460019041e-02 1.31911983725936732e+00 3.74817741416902731e-02 -7.42470975343092920e-01 -3.26537517441052083e-01 1.29841050417182441e-01
7.04368763822750932e-01 -1.20330110587583561e+00 -6.67699586014886770e-01 -6.67361749998321707e-02 2.89309532554039961e-01 -7.04397053172559517e-01 1.82137640981601540e-01
2.17896084417956281e-03 1.01635762339041524e+00 3.63401218194030484e-01 5.24033240322890004e-01 -3.38202992505735822e-01 7.85090941286435418e-01 1.32450607396339820e-01
1.35340193060167119e-01 8.76794369136367102e-01 -6.34849655196764728e-01 -4.83594410445131462e-01 5.85219703576474015e-01 4.68938868365117500e-01 -9.93641207749928757e-02
1.33812902627563016e-02 9.00621594745323550e-01 4.96821166753313004e-01 -2.60358929372065839e-01 -3.70230884553647499e-01 8.32752281746398371e-01 2.21405433500371840e-01
1.20272795132428667e-02 -4.16503346183917988e-01 7.02799295944455893e-01 -7.17722828629276527e-02 -1.05109063414403914e+00 -4.48044118807454594e-01 8.03560574135291257e-03
5.33104342773503721e-03 -1.06877652613344165e+00 -3.51263620611648730e-01 -1.34953932406940203e-03 3.52539606925601420e-03 -7.54363124728696488e-01 9.91867073493408330e-02
1.21853683889742975e-02 -5.12816558450901905e-01 -1.42442427052258469e+00 5.27174908843893286e-01 6.69559515029884089e-01 -1.11599056889785789e-01 2.64392344344201412e-02
2.94786081488487839e-03 -4.85752210252864192e-01 6.09589469790033700e-01 -3.42294472914920090e-03 -7.03662066346322335e-01 -9.39526085360297469e-01 1.44243862028327535e-01
1.14395603946833065e-02 6.26337365351882114e-01 -5.88412832508807382e-01 -2.99751346321550871e-01 5.41857894110730709e-01 7.93398917148485983e-01 1.93215515977534641e-01
1.95324584812600260e-01 8.65171753755686557e-01 -3.87256818818931092e-01 1.37974654398107771e-01 8.42360809197515992e-01 6.33701335692527512e-01 9.09259066654682785e-02
5.82477330417703089e-03 7.16452089055579000e-01 -7.10445182163471634e-01 -3.52321673287980863e-01 5.38882310665865116e-01 7.28951566908668136e-01 1.88209494380017633e-01
8.82761107227437058e-01 -1.92306899021815164e-01 -1.86116973379414175e+00 -1.22973349290341830e-01 5.12688603821598421e-01 5.89092726121884843e-03 -5.09013167634344843e-02
4.80225938694118670e-01 2.39090789152110517e-01 5.77348903838345584e-01 8.71527211217466291e-02 -1.16920618188046022e+00 8.77674256230775551e-01 -4.96090585366125852e-02
1.98820026206605743e-02 8.86548461782803776e-01 -1.28036640506868271e+00 -7.19241511048258064e-02 4.98891861042389084e-01 1.43926926987578335e-01 -5.43100737670213357e-02
7.96196648219219157e-03 4.24204885329621251e-01 -7.18995531648731534e-01 1.42244440420293272e-01 9.03978103154201240e-01 3.95747476737335124e-01 5.94448651956150265e-01
5.74377734581743016e-02 1.07570385722379935e+00 -4.09690116423915118e-01 -4.08488444326652322e-02 3.87338326213440609e-01 5.82362437095372498e-01 8.86340177989007952e-03
7.33917670576505598e-03 5.11496805270158950e-01 -5.50041412865802659e-01 -7.81030136026391458e-02 7.41271386890374862e-01 8.43249380680107130e-01 2.17944706285414819e-01
6.43506721389641972e-03 6.59960405861424571e-01 -2.92242596793053477e-01 1.80379619034566376e-02 4.30966230144658902e-01 1.08094472621180659e+00 -1.59860550747352864e-01
1.23354620883742092e-02 -5.12283713675394825e-01 1.98733036918897682e-01 1.86839926732213557e-01 -6.83609066693801504e-01 -1.25930780688669142e+00 5.68588575263525575e-01
1.76770271207908919e-01 7.03988193049214228e-01 -7.84357103985056536e-01 2.02574299727656774e-02 5.90503815978674296e-01 5.74372873417388186e-01 1.27416393706318326e-01
7.91089936164124548e-03 -1.60309623172216975e-01 -9.25718621614705306e-01 1.30920718465269564e-01 1.00646060217042188e+00 -2.00710165919306488e-01 -1.36956155457431866e-01
3.97494133234406397e-02 2.01546605532580331e-01 1.05835968196798635e+00 -2.21253259564247823e-01 -6.69415122901501181e-01 6.50098185715630605e-01 -2.63534355238824070e-01
2.68907037141460003e-03 -1.98942066064014406e-02 9.15278932514087540e-01 -1.16997554574965232e-01 -1.05036306638092403e+00 3.88433681592961932e-01 3.19076138660927960e-02
2.45523996697019492e-01 -3.47754587480970490e-01 7.67174822314351301e-01 2.87648116964673517e-01 -8.51465716249104609e-01 -6.77338651274601911e-01 -2.91011836808917845e-01
1.95035254152401832e-02 -9.91010380898784460e-01 1.12775865335900138e+00 2.09729744749700270e-01 -5.23700241811323797e-01 -2.13245527461120771e-01 2.09074998923713423e-01
1.00250632379748506e-02 -9.01848756334899804e-01 -3.54436995323767823e-01 -1.80315551643561223e-01 2.72456105658141767e-01 -9.59506590066113829e-01 -2.31448617833474674e-01
2.75742649572532118e-02 -1.06928348612309793e-01 5.63470963029851557e-01 2.74652358401285157e-01 -1.49052426720394315e+00 -2.50800208498370203e-01 -6.95476355926655382e-02
2.47193431861954596e-03 -9.63277017633425103e-01 1.17980426769239283e-01 -1.08234915064105333e-01 -5.26910124132638047e-01 -8.42971337754565342e-01 -1.50776844424813485e-03
4.67602877653639781e-01 -5.31772415323052416e-01 3.09705842464034875e-01 -2.03140161236324640e-01 -1.03642720309299818e+00 -8.38183594949088340e-01 1.55912613640314140e-01
9.08025524335842084e-03 6.30222249486672381e-01 -5.42668900253376441e-01 6.68473056953220041e-02 5.43177338895414863e-01 9.85810431586788050e-01 3.76835569034676243e-01
1.52585985403305754e-02 -1.44978410264154767e+00 4.31046183188327880e-01 -2.53414502004324471e-01 -3.90752257997786900e-01 -5.46615357609206542e-01 2.28757632953884432e-01
2.64290295852335306e-03 -1.86941751698806086e-01 7.75280976872905536e-01 4.20700839047725463e-03 -1.09116303243845114e+00 -4.23825205804867600e-01 7.07174895545378962e-02
1.89538213442361670e-03 1.82232419617598118e-01 4.67328293054023014e-01 -1.10586611407344923e-01 -1.33710892286514915e+00 4.41724254435632735e-01 7.94661724983090512e-01
1.20406246160307540e-01 7.42176736210009236e-01 -5.71834639031322589e-01 -4.22850236831574869e-02 3.45887385676741210e-01 8.69524527667179026e-01 -2.86934791042254944e-01
7.88876845719955755e-01 9.35824058802864789e-01 8.31757847187641342e-02 1.90169596710482364e-01 -5.64203933484202835e-01 7.44136537901496919e-01 -2.54643578931782855e-01
1.67018737790295586e-02 2.14477175262212903e-02 8.62368927379092987e-01 3.24743130571009730e-01 -9.14132376043663042e-01 4.96113317794448838e-01 5.10499958845681140e-02
5.22089947048804542e-03 -1.29553798929071062e+00 -3.87006608803813879e-01 -3.98190368119435034e-01 4.09157700236494337e-02 -6.88113503810098392e-01 -1.58070023580827862e-01
3.29554798615827454e-02 -2.05048841766823586e-01 -5.57589559527216116e-01 3.76338680847775608e-02 1.29989313480526980e+00 -4.80174062113195688e-01 -5.17801400581209936e-01
1.01501159854897223e-02 -8.05221226815715063e-01 5.53745539625580263e-01 2.28871667901991066e-01 -5.65153034689478306e-01 -5.13520935118681798e-01 -8.81323448323389352e-02
6.63447622091224987e-01 -3.47536966236335787e-01 7.97762160519779440e-01 -3.40455872775731125e-02 -1.01758129179743406e+00 -3.27884100744775253e-01 1.84494661809007338e-01
2.12279500279442083e-02 -3.12566372405988280e-01 -7.88709282689787017e-01 -8.18211622672593841e-02 1.17058840748889392e+00 -3.79927917708060503e-01 -6.26540058393414007e-02
2.45178782595516565e-01 1.13467557438727829e+00 -6.34944829897658658e-01 -4.07486025970859866e-01 2.10055047446815718e-01 6.78955359472141695e-01 2.74515472833212704e-01
4.31471469909830818e-01 5.00019866881432420e-02 9.06170582650029366e-01 4.86385115617637531e-01 -9.32803147436678581e-01 3.12067516539803524e-01 -1.75354590729983661e-01
7.23712688980289540e-03 7.72448734672734894e-01 -5.25697012501802785e-01 -2.91752255878844680e-01 9.02746582003520537e-01 5.28177044291593178e-01 -2.25361158326448457e-01
6.11189178255531540e-01 -7.03923379112245673e-01 -6.36076115098734962e-01 -3.03614107987200850e-02 5.02676713187988344e-01 -9.39566030013526121e-01 -2.85077004782418375e-01
2.40436991691437396e-01 1.09999874301825940e+00 -9.03530849543938142e-02 -1.87749268855533724e-01 1.55522493998836803e-01 8.62855358939297101e-01 -3.63206751988352644e-02
8.44566580806297221e-03 -1.00684432161497761e+00 1.88574097674454877e-01 -2.19224131714219339e-01 -1.13304067874318085e-01 -9.77052418766189090e-01 -1.91135097294448213e-02
5.70776026985069483e-03 -2.42207233791474463e-01 7.83570569504176473e-01 1.63166586704187572e-01 -9.28130984358061073e-01 -2.15242110583033580e-01 4.92063867446784653e-01
1.35904120895686382e-03 -9.47502943994042668e-01 -3.93056802401412497e-01 1.06214332516343171e-01 7.79892995516413313e-03 -1.01332257397061531e+00 4.79445629512518373e-02
1.96790674095876240e-03 -9.97660211302338173e-01 -3.10848593450488486e-01 2.96895496692375464e-02 -2.65539908736960928e-01 -9.14760062256749995e-01 1.14608638679886410e-01
1.16887151700364577e-03 1.06155985505114825e+00 -3.49911421069133588e-01 1.99713812844744071e-01 3.17771269740150297e-01 9.15046600555826317e-01 -5.11786806225963259e-02
5.75894059667808045e-02 -6.03617127310547424e-02 -7.24939396600282171e-01 -2.34684892929907823e-01 1.03104794829752389e+00 2.23274968558701825e-01 -5.72640462787720517e-01
4.07504531586603658e-01 -6.87326482856340348e-01 5.88089460120477137e-01 1.16080753340949069e-02 -5.59294591464159163e-01 -7.85238586341192701e-01 -4.40837015154416784e-02
2.30191912905314613e-03 6.01019267817421224e-02 -7.59992083238659188e-01 3.31915325075894524e-02 1.10919159992271088e+00 -2.83484450583797287e-01 -1.77989290705748482e-01
2.65613753202912813e-02 -7.62192376484534750e-01 -5.58778987032372942e-01 1.83107135353169276e-01 5.26675676884324484e-01 -4.55059136293283650e-01 -7.43310154459776662e-01
6.14659915241908064e-02 4.47509576238355911e-01 1.15794834305258776e-01 -1.37689493714153628e-02 -2.85855001668247399e-01 1.60357704718758054e+00 7.77235353128466921e-01
5.66739795950253408e-02 -2.29849583504203418e-02 -5.51616450514687884e-01 -1.08258259735879631e-01 1.56039126798788796e+00 -2.44479647890363666e-01 -2.52693072343838643e-01
1.31635909417845472e-02 -7.23666981365469031e-01 4.45159858007949216e-01 -7.68015404979496136e-02 -2.06173512943417098e-01 -1.23084221687598538e+00 -7.94228758724266071e-02
5.09494961520120648e-03 -8.24537646893283460e-01 -7.25276218109146553e-01 5.34749690666056834e-02 2.23430410725555223e-01 -7.96306754820106488e-01 2.91001625937726716e-01
1.29005239702668527e-03 -1.04041993360843876e+00 -2.84488013844805432e-01 -1.08879435974289229e-01 3.01518889938049116e-02 -9.51165793594920705e-01 1.75516472572410542e-01
3.25148465658068542e-01 -1.09563342759360771e+00 -4.82657830269414556e-03 -3.08643739351669166e-01 3.63755313325483040e-02 -6.54716691014426533e-01 4.42579828622339355e-01
3.46231398226307802e-02 1.00475796163699527e+00 6.26831948717582410e-01 -4.54678577823991847e-01 -4.94646917729644142e-01 4.46351602819006932e-01 -2.28374057758239962e-01
5.87272494591177530e-03 -3.93417792481673079e-01 -8.26190664355328286e-01 -1.01890330522516129e-01 6.17257758909655507e-01 -6.23443591113935880e-01 9.64394753958538048e-02
9.46375406147225567e-03 -2.67982618396689187e-01 -8.42760109423135062e-01 -2.83432878062118865e-01 8.26142796989495221e-01 -1.33657096369141082e-01 -2.54036969237763588e-01
1.03374286325530515e-01 -5.32582115325676786e-01 -6.63339466064151395e-01 5.62854348504843172e-02 9.29077907395502334e-01 -7.45191698749939735e-01 1.08234838952514095e-02
1.23349334895503177e-01 8.90818391277475308e-01 8.68848853950926703e-01 -1.07367460936652129e-01 -7.60174494585796556e-01 4.57358979902265428e-01 -1.40426213876358258e-01
1.22534169147470631e-01 5.48162849314774658e-01 -3.43160445949740212e-01 -7.77789728168425121e-02 4.26995385011013695e-01 1.33677628022034667e+00 -1.17922872346002586e-01
4.01916287601428342e-03 -7.77791810238829706e-01 -2.83106317058313295e-01 1.78134853867722570e-01 3.64064183027819011e-01 -1.00727689513360041e+00 -1.56197997808540157e-01
2.45651962826866745e-03 6.97976432547936732e-01 5.48849508845607237e-01 -9.45874731268654539e-02 -8.65589616056995581e-01 3.38962214291973818e-01 -1.24186084727254079e-01
1.02472654900490259e-02 1.42641907027364429e-01 8.92260039807566852e-01 1.90523176637816871e-01 -8.52590113801713567e-01 2.72223399376505304e-01 8.43751939708593107e-02
5.59693863864302379e-02 -3.39191512572711684e-01 -6.17401255332026944e-01 1.91039051189583364e-01 6.91327987599227312e-01 -1.16796460820020442e+00 -5.66127746543997196e-02
9.84145740276137423e-03 1.21181735177295735e+00 -7.38047654036038447e-01 -2.04591273903772020e-01 3.05599644270249493e-01 5.93459582674562891e-01 5.95587676256920107e-02
1.98607716832925801e-01 -2.56167349419238466e-01 -8.52385257843165545e-01 1.16720672891043764e-01 1.02885584614487291e+00 -1.45677720735002875e-01 -3.51200571091650759e-01
8.92957021421278557e-02 -4.87011747451571497e-01 9.58577853278532843e-01 4.91731509591258831e-01 -7.22089727491806110e-01 -3.40454197318638296e-01 -2.09078380191183272e-01
2.86962464393925335e-03 -4.70449751108775183e-01 7.00360463463137739e-01 -1.01235833964659031e-01 -1.01195868869695516e+00 -3.59686296863233501e-01 1.36345735661542233e-01
6.07108562765986629e-03 -5.75455739410583367e-01 1.57856364377535363e-01 -3.45450286116059727e-02 -3.37053749163994498e-01 -1.32053940904586842e+00 3.86351040090362030e-01
2.20635509780970455e-02 3.02553055514602320e-01 1.10389689145498027e+00 -3.52120144180774641e-01 -9.31533530688041456e-01 1.14900179658707011e-01 4.90881977311325435e-02
4.74709441798677571e-03 7.76963400255710757e-01 3.49520911623067310e-01 2.54960834799196234e-01 -2.89432386121633634e-01 1.03872382271126962e+00 -6.23643099840917223e-04
9.25451766200839021e-01 6.59727799763311307e-01 -1.36761951279955274e+00 -1.66443636095297332e-01 5.18217699641716267e-01 4.62059507799721603e-01 -2.06825555071824374e-01
1.08245806571174122e-01 -7.54901484864524408e-02 -6.54827651017813039e-01 8.44003878005173819e-02 9.63863789282065508e-01 -6.42071313424427359e-01 5.01716400621440517e-01
1.54993060506062957e-01 -6.43400279349216730e-01 -4.17491141172503522e-01 -1.20041743598619730e-02 2.16975558978886124e-01 -1.10093199217634741e+00 2.24978194454269337e-04
1.66619926577365879e-01 -5.28919906014353014e-01 9.91087937654814510e-01 1.09509395141621668e-01 -7.66363484651374272e-01 -5.51909861009411210e-02 -5.22672785495817416e-02
4.18259962839176158e-01 -9.54589569790675885e-01 -7.82598184729162649e-01 2.53520325374854916e-01 3.56491258211291295e-01 -7.80722439620822106e-01 -4.39776210754925512e-02
6.25192686062892800e-01 -2.60873586204711960e-01 1.19372977370182731e+00 4.34725805556805345e-01 -4.96967425850903033e-01 -4.34724435118045260e-01 8.39314994306152168e-02
1.78421963101727220e-02 2.61272992382496738e-01 -6.41792244017607927e-01 -3.40860908810016239e-01 9.15224258897443854e-01 5.70899393843759873e-01 8.58004773361670525e-02
3.77104659599811973e-02 7.02300840962808426e-01 -5.07819899372096484e-01 8.85729460022202097e-02 3.89663987879046658e-01 1.00264751488843262e+00 3.06007605600796706e-01
1.92240346745979514e-02 5.14353742810635839e-01 1.13810947513332228e+00 2.33638665396052381e-01 -7.05723970614249740e-01 1.55920896561392824e-01 -3.74721371895721522e-02
7.12875365657926561e-03 -2.55391989576210954e-01 -1.12544727662262067e+00 -5.20651450015210404e-01 8.00046682559000355e-01 -9.51379007443950014e-02 -7.26922882367935785e-02
1.48193820416078204e-01 -1.10597460487995181e-01 -1.12165440285642970e+00 8.56196409875489728e-01 5.94253961675724196e-01 -9.12073370280442886e-02 -3.22578302243027859e-02
1.06975279639797929e-01 -2.91829346053437189e-01 -7.15878936270917365e-01 -4.33374409176760678e-01 7.79292023535079204e-01 -4.93950443360907987e-01 4.04952234589681825e-01
1.49348447105312615e-02 -9.22075747037732485e-02 6.05958769998319768e-01 1.24971681237756371e-01 -1.31893696199458410e+00 -4.08819481268798468e-01 -5.53196667820969323e-02
3.30056181986286723e-01 3.43640679935649451e-01 -9.28551483955276868e-01 -1.40037938455230132e-01 9.90948539522590655e-01 1.30434602954443618e-01 6.88045618907642126e-02
6.05945059306136399e-03 -1.05247262210414272e+00 -8.56927280389790269e-01 7.08034564679535378e-02 6.14686115257480958e-01 -5.46307281239231002e-01 -8.95124308282695680e-02
2.22747516057842897e-02 -7.83520768588153560e-01 9.62821282264663236e-01 3.13203183936861362e-01 -7.50848866184070651e-01 -3.40449573652845783e-01 6.38248614712145224e-02
7.63430076084034431e-02 -1.13188508386141673e+00 -1.42842689570405745e-01 -6.03542247145207211e-01 6.47396888963271133e-02 -7.96647552286437022e-01 3.63210370731485321e-01
7.75022712933767788e-01 -4.13970920844439594e-01 4.86144284246619485e-01 2.54964444715233655e-02 -1.18797785887539509e+00 -8.36287946085370160e-01 -5.10933810932594212e-02
2.88190424582133620e-01 1.50539804800329136e+00 6.53841598660846901e-01 5.61282491336205632e-04 -7.93373729372903042e-02 6.56836366930211413e-01 1.09579841886312101e-02
4.78065647591444820e-01 -9.53770965135113724e-01 -2.84430155115890981e-01 -3.47063982525245174e-01 -4.06394344749514025e-01 -8.73765066345605246e-01 -3.64080279187756761e-01
4.26657527985565777e-01 -9.48088296635517636e-01 2.53533586302902569e-01 -2.80752550188685335e-01 -3.79314395013129191e-01 -7.79969722281969591e-01 1.37216711652607321e-01
2.52365637858688449e-03 -1.13768567635122483e-01 -7.89148498680908639e-01 1.09394397448619271e-01 1.12381961816484188e+00 -8.24220634038233535e-02 4.39671748928029904e-01
2.37332876054255709e-01 -7.79571309765400788e-01 -2.07679498395129836e-01 2.09730769687454160e-01 3.53261177905501600e-01 -1.01186980129035331e+00 9.18857975937758115e-02
2.66468892859683004e-01 -6.25192805307454913e-01 7.20064673518763354e-01 1.34991698940115673e-01 -5.52732873916343070e-01 -5.78111860348999751e-01 -1.27075893316766358e-01
6.71868301242583704e-02 9.19382273711750631e-01 -1.66102856601609526e-02 -8.70273699664477207e-02 6.14653450001181444e-04 9.43876728243250196e-01 -9.46526879846768809e-02
8.90063438327174244e-02 1.88061933048540297e-02 -8.87936926819409500e-01 8.08512693804470106e-02 9.49960929907670892e-01 1.42568384280834320e-01 8.85774434574215135e-04
2.98948090566301616e-01 -5.78548894254717450e-01 -1.34090602946747822e-01 3.99124533538825488e-02 5.81203553868829548e-03 -1.43417362260197834e+00 -2.51741577758023694e-01
8.12287422186523389e-01 1.23239984225580315e-01 -1.18216705661488675e+00 2.72732965020648532e-01 8.05058720702548913e-01 1.49065602866953958e-02 -2.91502113761264892e-01
4.48812831012785685e-01 8.98011280663309486e-01 2.12673189672097279e-01 -7.90397828691310617e-02 -3.52232503429483423e-01 8.63199928782441339e-01 2.11583640887706731e-01
2.71404828324245256e-02 8.20043492580079469e-01 7.83976859665733494e-01 -2.45066073457455541e-01 -5.04067229261392136e-01 7.99504167737648763e-01 2.61781070963314107e-02
3.57865564000726293e-03 -5.76303106971342460e-01 8.09169335845395743e-01 3.15569127475827216e-01 -9.56130292479512978e-01 -4.46493720080738565e-01 -3.17694090157422671e-02
2.95347840179996823e-01 -5.66124385676660472e-02 -9.14854438728844532e-01 3.11605780177604368e-02 9.04098184013582440e-01 1.05882153873112617e-01 -1.27229553604016665e-01
8.41347146383369271e-01 4.37621792053262515e-01 -9.19948197273521617e-01 -2.46125884960199437e-01 8.76251341481459445e-01 3.94270728767320611e-01 6.71890842637020702e-02
5.75923922946008637e-02 7.11178988211512486e-01 -1.97086649183707940e-01 5.56218629034770928e-02 6.66035405507070299e-01 9.88906188497259975e-01 -2.35061603127141666e-01
1.98398378437569439e-01 -2.87627147608653586e-02 1.10855718912203938e+00 2.80420564653221849e-01 -7.47610104775699780e-01 8.73278622471372196e-02 -1.19410975716228884e-01
4.44828244288428872e-03 -1.02200267286857993e-01 1.26591069138560131e+00 3.85865974665980660e-01 -6.90681243664107880e-01 -1.49376650213191964e-01 -1.95302036841838278e-01
6.86884761391759607e-02 -7.47251845410532245e-01 7.44438798053622897e-01 1.44438960139411571e-01 -4.77755153064974625e-01 -5.35204021857874412e-01 -3.28784957296982261e-01
1.20117405041279528e-02 -7.28749476131584917e-01 4.97655093426616402e-01 -3.91876778905450252e-01 -6.23619232424460268e-01 -7.67269734601705444e-01 2.53344697301893851e-01
2.75454751375183013e-03 5.49207868682120681e-01 -6.50328632497282483e-02 -2.49923163657999020e-01 1.05888955446064109e-01 1.20546812940004355e+00 6.58290817520733373e-01
3.14849653764897375e-01 -8.26718692628506835e-01 -9.22576645327395584e-01 3.18427091821223140e-01 7.46375878174964202e-01 -3.84812163720931966e-01 -3.11900007752613610e-02
2.43704249710647025e-01 1.18441767073672422e+00 -1.40888804901456444e-01 -2.54687913606165051e-01 2.88507648684520390e-01 7.65431883411129665e-01 -1.47469015700592176e-01
1.20849732633033224e-01 6.53447500469595433e-01 -3.80816825355957511e-01 -1.27479936716092035e-01 5.80816101005109164e-01 1.17672173432478755e+00 -2.45222811864313113e-02
1.20702698681382026e-03 -5.61928779059406858e-01 9.61633706111322484e-01 2.35447538204033358e-01 -5.00661757809883090e-01 -4.89266212459701755e-01 1.96449434204507639e-01
1.57811964225480328e-01 9.60395218101766757e-01 -4.93328816577101426e-01 -2.06797735582505138e-01 2.51739861107531604e-01 8.28052343111694511e-01 -3.94774216239347636e-02
1.10331225227464580e-01 -7.28990993738984905e-01 -7.56614429500106378e-01 -9.11558369144547728e-03 6.91251930866639497e-01 -6.56361548035250375e-01 -2.50461104314870786e-01
3.40265665093376773e-02 3.47031676460539007e-01 2.15355143558268070e-01 -2.81138877203975956e-01 -7.52355663298145405e-01 1.50222281300936666e+00 2.81279979471094621e-01
2.34131482298923811e-03 -6.50344088000136766e-01 3.42877038048560900e-01 -2.47915697293262030e-02 -9.84854758689131193e-01 -8.04072206971163772e-01 2.57589746129891717e-01
1.30486628618254451e-02 3.29438940239197998e-03 1.16502729756482726e+00 5.87881900977322985e-02 -7.52447938889756696e-01 3.11091191927669042e-03 -3.70688043320298977e-01
2.25715336839072724e-03 -8.63130532346425894e-01 1.10466755734946820e+00 -5.22731962931920965e-02 -3.13270890897717036e-01 -6.97287783018677665e-01 -1.95548732542293269e-01
5.59434217895903863e-02 -1.19044218531867263e+00 7.68569519322529038e-01 4.70069392415746967e-01 -2.72453423994711341e-01 -5.33836393852320068e-01 4.13874053640116563e-02
6.66389694338440954e-03 3.92434702933806223e-01 -4.73295692192894191e-01 -2.60872664127738650e-02 1.09157973932865082e+00 6.53926845195790807e-01 4.58255642677415642e-01
1.76751062845175388e-03 -2.55284402810672051e-01 9.55735762790468679e-01 1.85250702446614374e-01 -1.04032244394578011e+00 -8.99734974849564634e-02 -1.53610847353776690e-02
3.25137988135454836e-03 1.09106080638638825e+00 -3.62058520709493126e-01 1.30685755432484563e-01 -9.64811027423378431e-02 7.50348349799200509e-01 2.71015510143988447e-01
3.15492798049755163e-02 7.25651151604517208e-01 -1.28344489304575732e-01 -7.78843215217995578e-03 3.10511954308964000e-01 1.09357221321203069e+00 2.03449010564056731e-01
1.42159808272698474e-01 -1.75501037348660183e-01 -9.82098399350313178e-01 -7.35582276519511635e-02 9.92954766533716726e-01 -1.40706827681796376e-01 2.20810633078476037e-01
6.70798347696145769e-01 -2.31789774696005785e-01 -1.05068288509117580e+00 1.71207359441821853e-02 9.22072629352818085e-01 -2.74811978663936085e-01 3.06018877438683612e-01
3.02899704096596278e-01 -6.61471036958238612e-01 -7.70485476283961912e-01 -3.13980428876170836e-01 6.48314967068030823e-01 -4.57841959575299773e-01 2.24174013493704444e-01
7.87781391642493507e-03 -7.97117244296832284e-01 3.64029403947019103e-01 -7.18104732750960567e-02 -9.72531993314008497e-02 -1.19796528567812732e+00 -2.37355720270540582e-01
3.53849982255387014e-03 -9.17536849951514077e-01 6.35719931430162449e-02 1.22802395825084676e-01 -6.01587563596582900e-02 -9.65815960285314579e-01 1.59563250255438327e-01
1.53813352376717560e-01 -1.47793502363101799e-02 -7.10717188727644222e-01 1.58164594456680463e-01 1.23448591962313281e+00 5.85352048701967345e-02 -1.24214746351268987e-01
6.96126473960174356e-03 -2.54594792316199248e-01 8.74056464293812785e-01 -1.19691166665003235e-01 -9.93282097790704532e-01 -9.84358737501571240e-02 1.67042742389673121e-01
6.49327835890555968e-03 1.13029343901408641e+00 -9.69784568500244637e-01 -1.75273990332736024e-01 1.91946837172707302e-01 6.19542947304487890e-01 9.82558489777734037e-03
4.74259908903048623e-03 3.35985476659539317e-01 8.24518340980710862e-01 -3.02268731805770352e-01 -8.41919731869418708e-01 6.09307337362516854e-01 2.48919987776589330e-01
8.95000827137595358e-03 -3.18154242142251853e-01 -8.13753613003983522e-01 -2.72891000632709269e-01 9.55997206226109508e-01 -9.53275579310501747e-02 2.77282460688766941e-01
1.47844544048982340e-01 4.84112051596531312e-01 1.05953614330431822e+00 2.66912746796246353e-02 -8.28229765594702405e-01 9.92885350851116788e-02 7.49646812994878703e-02
3.44707383788694271e-03 3.62153620105980734e-01 -4.20246050888846590e-01 -3.24548261107716951e-01 1.10698378327013680e+00 8.38962126293353871e-01 2.58167234339329754e-01
6.85180407520530940e-03 -7.87953542571325216e-01 9.07391178851126634e-01 -3.11475552012669243e-01 -7.74606564032935263e-01 -3.50818049138987065e-01 2.44125706011100424e-01
1.24977542860486318e-01 7.64992903890823306e-01 1.61482998609069582e-02 1.89967066639760568e-01 -3.84391801836612590e-01 1.04123960009976169e+00 6.04418706861554744e-02
1.71739429398697074e-02 3.95823795428795200e-02 -8.14090912956390134e-01 2.07219808689210361e-01 9.72331768416022091e-01 4.90778881079099227e-01 -1.29940183386279079e-01
5.99717910666282550e-02 -9.78201931677273318e-01 2.44000234142193573e-01 -1.85051924616659424e-01 -1.78890832963874896e-01 -8.47627144046841141e-01 -2.94081736905566771e-01
6.88008194566246067e-01 -7.97131483138203145e-01 3.79743018429038182e-01 -4.72061470374425529e-02 -7.46229241544545729e-01 -8.29364270213532206e-01 5.57782280722017298e-02
7.99983958272307727e-01 1.80327109029360333e-01 -9.59136232518882248e-01 -1.66385790930222627e-01 8.62004659522102257e-01 -5.34059689089425860e-02 -1.13600417018961578e-01
2.68029580794935350e-02 6.58653615723698627e-01 -6.49262518485434148e-01 2.18804768931039562e-01 7.48349165939769190e-01 4.08870265977095637e-01 3.82445993068625756e-01
4.62764961352447012e-03 -1.74598466388575985e-01 7.62926037632505216e-01 -5.85092360525783922e-02 -9.79054889140824058e-01 -4.95783459303077156e-01 -5.52120846240876095e-02
2.42472380778390199e-03 -9.49043008959231382e-02 -6.88588994626551654e-01 3.30711755885712555e-01 8.47037484490844705e-01 -1.90530493347509378e-01 -6.61571686200072340e-01
5.64494725719193319e-02 -5.74234785062972097e-01 -6.86929011251350308e-01 -3.14680674061928067e-01 6.53555585394761773e-01 -4.82379783415785302e-01 -5.57998863784072041e-01
5.78758198133622170e-01 -1.00482554282023781e-01 -8.81038623972335455e-01 -1.02813866296620829e-01 1.13001288688643897e+00 -2.03359642768110582e-01 8.92554727485542765e-02
4.69774702522114951e-01 -8.01513900120270462e-01 -9.58601894391661880e-02 3.90318431904504784e-02 -1.01316591065612888e-01 -1.14161690758847545e+00 -4.05637979657158865e-01
1.21590456719086401e-01 3.41021664611636299e-01 9.34173253578902907e-01 1.11269867907072675e-01 -7.55754709997340512e-01 5.42346243960989294e-01 -1.22181313025504182e-01
6.39403016345057723e-02 -5.15394078877328576e-01 5.53745542248037070e-01 2.54795107848827862e-01 -1.06723219336029418e+00 -6.64762371499678317e-01 -2.04880488374356379e-01
3.41998570539837066e-02 4.87892934988191807e-01 -1.13516115558952269e+00 -3.03232996443923153e-01 8.39267281996081027e-01 3.04179194168713751e-01 7.30184965431760202e-02
1.48666270537525624e-01 1.19626138302968994e-02 7.98420841072320364e-01 -7.97741970023344987e-02 -9.74938921650694068e-01 -4.60502010895375902e-01 1.73497452322722817e-01
3.19739993790930099e-02 -9.97344103757747402e-01 7.73709230796959413e-01 -2.46951899369669242e-01 -4.08956754826053703e-01 -7.27280331854564754e-01 -1.52616579318929080e-01
3.82816488092753166e-03 8.70274433752794785e-01 -8.48919023727080280e-01 1.58953544110557260e-01 5.31105439514778399e-01 5.97928008811172584e-01 3.20874802971985729e-01
6.97540395825590909e-01 -6.37425617591102167e-01 3.20384062717171680e-01 -6.29995789339113238e-02 -5.53690772143003884e-01 -1.00904728226286733e+00 1.82217300605280741e-01
8.16810329018143218e-03 6.69007606746160111e-01 -8.46589890647376775e-01 1.72549505247432372e-01 4.81815731778430401e-01 5.70877426017263878e-01 -1.25581498060311963e-01
1.81891575177718333e-02 -7.21379833665562908e-01 -6.60028350182987333e-02 -3.05448635371721837e-02 -1.59343477669957295e-01 -1.15715626356036139e+00 -3.30302794590984383e-01
4.96264987551792418e-03 6.83515832383278288e-01 -3.73986512098188506e-01 -1.35789226342295122e-01 4.18776680925720068e-01 1.04098322028343970e+00 -1.46934551096107563e-01
2.29711091787028867e-03 -1.03381371858059468e+00 -2.92537509277760677e-01 -7.78446856286878902e-02 3.00063552081254958e-01 -8.84888843234917011e-01 3.71876002553513108e-01
4.54659887436071386e-01 6.85513327105065740e-01 -6.12048012201588665e-01 -1.02722476512052727e-01 8.37322060807488944e-01 7.75981643945624411e-01 1.35291891160871230e-01
1.42501924319569911e-02 7.56255247421010912e-01 2.75535656609745883e-01 1.46443961050008065e-01 -4.23816931727198531e-01 1.18428622796155159e+00 -1.77907867643987590e-02
5.34495252773993859e-03 1.54265795327329824e+00 -5.17666277511373729e-01 2.77028821736166664e-01 6.97417128748180765e-02 6.59800497956034349e-01 -3.36384956849463262e-02
1.76048628306377849e-03 1.12265957399462724e+00 -2.39436104746854131e-02 -4.05791537530687141e-01 -3.36773267789395453e-02 6.52266064780932520e-01 1.44719974802406531e-01
3.26080173564186615e-01 -2.56947165059386751e-01 6.73675140765297442e-01 1.05305564773287563e-01 -1.15678520617509917e+00 -3.08690272558831469e-01 -2.08554917397369283e-01
1.59153425778519935e-03 4.95419565759198544e-01 -6.80425598253931230e-01 2.47853419444823281e-01 7.88773418562235151e-01 7.06847959057268160e-01 1.19296622619399217e-01
3.44399084774102762e-02 -6.16871076434958643e-01 -1.01558635336886982e+00 4.21603307321482268e-01 6.90821548319378809e-01 -3.97107017087360958e-01 1.68882575622843228e-01
3.56294340682807437e-02 6.53621855502036886e-01 6.24172375084446451e-01 -1.57356978009109728e-02 -6.82393248248964190e-01 5.82370482413561597e-01 1.19464531963650922e-01
1.15646683060590984e-02 -5.82222828383067159e-01 -1.21899610228010824e-01 -4.00190912044085578e-01 5.06978717522774014e-01 -1.02646572277938142e+00 4.28591368325797917e-01
1.72396818418280419e-03 -3.05926433341945192e-01 -5.04873523507405331e-01 -2.43560117422614332e-02 1.49768531822326390e+00 -9.84057477924608209e-02 -2.17204139050804768e-01
1.02634260511666933e-02 1.28043422755854425e-01 -7.07376179396855709e-01 4.85190042596641335e-01 9.98577632234112555e-01 1.64678543120470727e-01 2.23280605543933530e-01
1.59696863486868479e-03 4.08618386174745551e-01 8.84305694061630621e-01 -2.27004466555133427e-01 -8.06244426261610303e-01 4.79748733354351309e-01 -1.95859527112841880e-01
1.27793307950133236e-03 -7.25488474280267415e-01 1.22564768538227786e-01 -1.66382043881470737e-01 -2.85208547689442704e-01 -1.16308498971391439e+00 -3.32999580960259556e-01
6.83012214599162504e-01 1.11501640110701628e+00 -7.68255901581208600e-01 -6.22948590165962046e-02 3.40500052078681059e-01 6.85039100265443457e-01 1.65506922469974144e-01
9.77282472323934503e-01 -5.41281571842971432e-01 -1.94076086766379524e-01 -7.43778876197290773e-02 3.84434166742299799e-01 -1.36707698288992430e+00 -1.80855062221232571e-01
1.99403071578582114e-01 1.02889274804648423e+00 -3.49520144513949027e-01 3.28663334787905437e-01 4.08293937645559712e-01 6.40741487590812508e-01 5.02679259543087342e-01
2.80564023837538961e-03 -6.30987268090444503e-02 6.68514706405033965e-01 -1.28440750035394041e-01 -1.24825585610791001e+00 -9.17921969315373260e-02 -3.27279274118044583e-01
1.32884669402559864e-02 7.36849426183308287e-01 5.52468280766477915e-01 9.10325217548383220e-02 -4.04670793810260387e-01 1.08280276681682164e+00 -2.04039926235911856e-01
4.15134199861212569e-02 -6.11234882932451318e-01 -2.31899883003575030e-01 -2.06429427847238722e-01 2.40872589519757693e-02 -1.24229131775528745e+00 4.17949825046040724e-01
2.97140159950008455e-02 -6.38727264122000205e-01 -3.37009305924377112e-01 1.35794142135934881e-01 2.50293946009022883e-01 -1.23351928950418532e+00 1.49505765394288725e-01
4.30239900662862055e-03 5.56280498720079453e-01 -4.31455640160316622e-01 1.78899721431769271e-01 2.79756824484003297e-01 1.18492236090961867e+00 2.09395771857388918e-01
1.33667773532803152e-01 1.51255632658698724e+00 -8.39811277676188461e-02 -2.22507048523585133e-01 -1.13659771812319885e-01 5.90763076197968640e-01 -1.63665934182546158e-01
5.31224142222518694e-02 7.23559129481696761e-01 -3.31627802617016021e-01 -2.49395734841157624e-01 6.19021031309706760e-01 1.01742063852444264e+00 -2.01456144920364802e-02
4.56266409279556306e-01 6.66406460851222127e-01 4.31621640656834005e-01 4.16273138737218940e-01 -4.54321388123681724e-01 8.61680271269431808e-01 1.81867090363984824e-01
5.50834347496262144e-01 -9.06597833814383192e-01 -8.68045925931595019e-01 -6.01350041924161749e-01 2.91836808402986259e-01 -6.77395445531906004e-01 8.03004791374020144e-02
1.64293926381699311e-02 -1.84588080250760261e-01 -5.26474417382315596e-01 -1.10653784051205337e-01 1.39370693377113186e+00 -4.15470541760560474e-01 1.73092518638529341e-01
1.04372200111737361e-02 -1.27024051612349587e-01 -1.17682323505089070e+00 -1.61765955266848033e-01 8.36918147515070543e-01 1.74799378021063018e-01 1.30805702583308120e-01
2.93750694434314783e-03 -5.58337259956181553e-01 -7.50920690191216988e-01 2.71176053350310864e-01 5.50765591012534639e-01 -6.31326074399996440e-01 1.20099498367031210e-01
3.92677385702276172e-01 3.85967963818998505e-01 -9.64136168639578961e-01 1.24106186018050665e-01 4.90443192406876394e-01 9.20515037636567834e-01 -2.03577373348208579e-01
1.47204276045733301e-01 -1.02594488611965962e+00 -1.16695784181130180e+00 1.99310472820040663e-01 5.73865708492075632e-01 -2.20633611119121165e-01 8.46777132025161167e-02
5.24250356654983429e-01 -1.12671733220067585e-01 -6.29507795697138661e-01 2.45781768631079173e-01 1.23483494921367787e+00 4.84063875027882617e-01 -4.26656584782641457e-01
7.75332961157932099e-02 6.67102717008074109e-01 -6.91945677053248831e-01 -1.84313807405232843e-01 9.47884598768961473e-01 4.48533007991600507e-01 -1.71093859531702558e-01
3.25827501800025288e-01 -8.17070375890928347e-01 -4.23567478004115636e-02 -8.92642938520394752e-02 8.75575378020009565e-02 -1.21840041022139833e+00 -1.19579558226046379e-01
2.17410624844633672e-03 -8.33632525657467816e-01 -2.17454791599687725e-01 2.44877479344669080e-01 1.65704246192345805e-01 -9.49884738020305375e-01 -2.71468792013973448e-01
4.09727282647087965e-02 4.75272973010892608e-01 -3.30133127930272496e-01 -9.31773153283219774e-02 4.48103473167720312e-01 1.35116487822157061e+00 -2.24082054098519792e-02
1.12145705759941565e-03 1.54989011803692822e+00 1.23594178048316173e-02 3.77949343301669627e-01 -2.23516778955406781e-01 5.73207747443737370e-01 -1.49455214354509064e-01
2.57831725070852245e-02 -2.26291781039547168e-01 -9.42751786130689440e-01 8.42638821473980087e-02 9.20974362701831861e-01 7.03226741792834648e-02 -4.52460209133991542e-01
2.66124083540954626e-01 1.29145408917834925e+00 8.63900057435806612e-02 2.05451422662354971e-01 -3.70362677243432192e-01 6.96354816765460627e-01 -1.94629556926588676e-01
8.12458083831769429e-01 -1.75487879252127971e-01 -1.32742528019946682e+00 -2.27888036158628932e-01 7.99594392267524712e-01 1.18255167436405115e-01 2.04227718385478818e-01
4.07400814377772806e-03 1.09598170181030641e+00 -7.66104190474868219e-01 8.45106238163143980e-02 3.93743460837369608e-01 5.65282497194191103e-01 1.75831687778640222e-01
1.94251330635770436e-02 6.08884634211237841e-01 -4.26537209832247022e-01 6.75416789408856272e-02 4.34806841901083208e-01 1.05536739717373051e+00 -8.43613555932486575e-02
8.54265494035529593e-02 -9.46130970183191145e-01 -1.64649177832964427e-01 1.35665006564369278e-01 -1.77022647783280695e-01 -8.50230993179520222e-01 -1.79272693927858856e-01
1.27066826407649935e-01 -6.63749823831873753e-01 1.43120123594955118e+00 1.10447518035186765e-01 -6.19067548336606377e-01 1.33497139966876233e-01 2.42497715074122044e-01
1.93222728448158299e-01 1.00494433564848840e+00 3.73623443469147776e-01 -1.29528143561248338e-01 -1.98332743425214786e-01 6.37577543145045222e-01 -3.43830171515094762e-01
3.52754798025507965e-01 -6.24773862248175216e-01 -3.74660674576363428e-01 4.30698228090526034e-02 6.08426294641121412e-01 -9.41915245851149940e-01 4.51905858548789452e-01
5.52057428168446773e-02 -8.70900856940643731e-02 -9.33788493116958884e-01 -4.73654620721215835e-01 8.15905382461920459e-01 -3.46225433665381166e-01 -3.55590734476958159e-01
2.68807690997796070e-02 -5.47249827642953934e-01 -4.77721760573531329e-01 -1.44295270728917235e-01 8.47698586584374691e-01 -7.94615071086766989e-01 -3.69227940666511101e-02
1.08695066930694509e-03 5.59148029111171452e-01 -9.67627406343045005e-01 -1.46627862657145530e-01 7.89598836677914528e-01 4.95431975820812609e-01 6.43241422771273219e-02
1.38050416562373490e-01 -6.71110225304531571e-01 -9.48490901484383309e-01 -7.85128883618042700e-02 4.58349795175802766e-01 -5.06682292310339344e-01 -3.40587630873787295e-01
1.76050802095144843e-02 2.23423259655530337e-01 1.13526251625080432e+00 1.20951603647020872e-01 -6.91004757809134507e-01 1.32470533113037636e-01 -1.32764204296273780e-01
2.10016387776615562e-02 -5.05134759968269398e-01 6.65144670788323511e-01 2.85203670705923562e-01 -6.37270733319442062e-01 -6.24415056346317665e-01 3.39911040393501340e-01
2.07541381468438540e-03 1.24947389156233224e+00 2.20437671570401478e-01 1.65002018317651072e-01 -1.10480480698155192e-01 8.05413611750713132e-01 2.91811997716920235e-01
1.79600521974089869e-03 -1.94697991904598078e-01 5.93788096226592010e-01 -1.14115541092673134e-01 -1.41695438885507707e+00 -2.86729255620432555e-01 -2.30825540176238964e-01
6.25274121292185847e-01 -1.02185691728628170e+00 -1.50349110595946939e-01 1.25396152334090377e-01 3.00656664777681659e-01 -7.55740306879769452e-01 3.61237493740201532e-01
4.66982889188337878e-03 8.38264924242324572e-01 2.02402075845836055e-01 2.32897139888840865e-01 -5.59682372577999243e-01 9.16037325027503346e-01 -2.39018140899718873e-01
4.69352768402424847e-01 5.79725705854531648e-01 2.43409988595464977e-01 -4.33773261970384419e-02 -3.83364649841576088e-01 1.29718591092774860e+00 4.42238507009422438e-02
3.15751654273670797e-03 -6.94548795827032661e-01 -4.86718761102610198e-01 -4.90755039488464731e-02 5.88956940786897754e-01 -1.03508481905487937e+00 2.20850277549390128e-01
1.29798636077141427e-01 6.39091322583107524e-01 -7.74080057200789567e-02 1.02265094288046865e-01 6.21922976826458473e-01 1.32003196258505762e+00 4.71113662903396152e-02
1.19227159737879937e-01 1.46821452587640039e-01 6.40990886134999216e-01 -4.30194442208415365e-02 -1.24221487561862309e+00 2.80515680650547605e-01 -6.08260022807667654e-04
5.17380653553564749e-03 8.11442067971508751e-01 7.10229736287010249e-01 -5.40601811477122052e-01 -7.33156634293210430e-01 4.11754347140179999e-01 2.71512526736325033e-01
5.44975663027514809e-02 8.94286769774077728e-01 3.99397623885689224e-01 -2.66643544638226031e-02 -3.81949683606802814e-01 8.89463075065585862e-01 -4.87214928506626648e-04
6.38002953981802401e-01 7.20025031043780017e-01 1.25842292909276066e-01 -3.57714681135225643e-01 -4.09773192161260402e-01 1.08957207187531568e+00 2.09998665460994034e-03
8.92163928151446933e-02 9.01364126021872436e-01 5.42620424512698540e-01 -3.53914019815212977e-01 -3.70034939564355403e-01 8.74936294933439718e-01 -2.62834455420304786e-02
5.49363913814534643e-01 -4.73496151719945246e-01 6.57219693569474073e-01 3.22992279679831462e-01 -6.74728518038631320e-01 -8.49987670539592788e-01 -5.74822133608546559e-02
1.16416000572602152e-01 9.29922460262243122e-01 -2.29426912591947224e-02 3.45704851605682317e-01 1.91185313586725802e-01 7.77273495926235625e-01 4.55208699640393344e-01
1.41725930240483369e-02 4.50612295711853239e-01 -6.11336011292406889e-01 7.27714919765482804e-02 9.35093912556216433e-01 8.07283786915957480e-01 3.01321130327603826e-01
1.40554350962754232e-01 -2.96326628938451464e-01 6.79395929460719472e-01 1.38339022270710682e-01 -1.31447646736444912e+00 -2.24633942920437285e-01 -1.76436106233683582e-01
2.11164926807810025e-03 -8.54844830559336133e-01 -2.58550416430868880e-03 -1.26452187715575731e-01 3.06975727874492677e-01 -9.77299766273972192e-01 -4.12246732331633253e-02
8.72992599523283341e-01 -7.25866928579975146e-01 5.69357468030007086e-01 1.50961639553050975e-01 -2.58010692039745526e-01 -8.90235041444023101e-01 2.56652629043435943e-01
2.67570146843019042e-03 -4.88003653778995572e-01 -3.96063578355417389e-01 1.04031762900794869e-01 6.63155367119332428e-01 -1.17913776310682339e+00 -3.60454013678370433e-02
6.05256119024608408e-01 -8.37488983988309288e-01 -5.77506908746707182e-01 2.50986885976417329e-01 3.42078239622008395e-01 -7.74023879582815155e-01 1.96559733183200441e-01
5.14540383649065070e-01 1.20669432165197016e-01 9.10326640183910407e-01 -1.52056059421728340e-01 -8.68319927236288036e-01 -5.00506141908321203e-04 1.45363158628798117e-01
5.46022933676466871e-03 3.58958939579257369e-02 7.42977470487003910e-01 -1.48659996235632735e-02 -1.21344822000187902e+00 -1.36986370363929466e-01 2.69007138913412817e-02
1.58290550555833714e-01 -7.40956062424258155e-01 -1.93033796726945123e-01 -3.55995519178299746e-01 -2.33077149778766091e-01 -1.14519302989812832e+00 9.77691995718919793e-02
1.76902939737611613e-02 2.21744593818172214e-01 1.08851385959211333e+00 6.13273624873186610e-02 -6.32938532664362064e-01 3.83649527525620038e-01 4.99410072667150040e-01
1.93762987950927314e-02 1.29149186606672539e+00 -7.89105169900852554e-01 5.89872946510587998e-02 4.47427356814263211e-01 5.62190187415416487e-01 -1.58742774592788460e-01
7.77933357242225620e-02 -3.07436424940341790e-01 4.61756614233989615e-01 -1.92512508252523723e-01 -1.48226156044692914e+00 -4.46982116994272483e-01 -3.61153695579516654e-02
1.05281276286983116e+00 -8.75198837395998464e-01 -2.37413089599713745e-01 -4.00030033440668328e-02 7.53505860683192363e-02 -9.29625814030945685e-01 1.73694026672323726e-01
9.01312693365688422e-01 -1.32228181696689062e+00 5.81883849996559399e-01 -3.36265414516107974e-01 -4.99923966495019356e-01 -4.44023299701379770e-01 1.78828495366863717e-02
4.07754542287307245e-02 -6.29285947893398312e-01 1.75096874966637173e-01 6.76292284755260070e-02 -3.71060854336626222e-01 -1.22864387988297641e+00 -3.51320525077103596e-01
3.17713770675799867e-01 8.33080285475803151e-01 3.56221788235830505e-01 -5.15209452657491088e-02 -5.62532284392444293e-01 7.11385230596751961e-01 1.56101897121965844e-01
4.85602346885878125e-02 -3.75184265733662023e-02 4.99301744691835081e-01 7.87336039726311138e-02 -1.48185741390249914e+00 5.49634460499218491e-01 -2.30141947680772979e-01
3.81852889734849918e-02 -3.95494017499521955e-01 8.19439253593228334e-01 6.14474501248628430e-02 -9.64017789888154009e-01 -4.23987320575237581e-01 1.20969763131323401e-02
1.58901474240660747e-03 7.10464950724714273e-01 7.38678065600935629e-01 -1.39374742145254832e-01 -6.82749773224634593e-01 3.04839939396355397e-01 -1.70642122037826777e-01
3.77555272703466560e-01 1.23303953139428524e+00 -4.98503402888685387e-01 -5.90012445859118689e-02 5.00438086224839429e-01 6.73929374624507416e-01 -1.75780740545326469e-01
2.16230982385844824e-02 -7.09455398033823847e-01 -8.00337045203091346e-01 2.31226998447780968e-01 7.94784702883636118e-01 -3.54910718773275569e-01 -3.71196882529782390e-01
5.24113911965285451e-02 -6.53146710505891237e-01 6.48644118896102961e-01 -3.56201688513084966e-02 -8.33447300829766036e-01 -6.29534681547296859e-01 5.90590113475641665e-02
1.71330984349969198e-02 -1.09966862074767979e+00 2.55005906591478704e-01 -3.21943873602391684e-01 3.62390353728270997e-01 -7.10799721943242813e-01 -1.30771357237643382e-01
4.39710391856886536e-03 2.43675509064828016e-01 1.21027231839576421e+00 -4.64058724113278642e-01 -7.37506672501918370e-01 1.89481910213425614e-01 2.89892296506259417e-01
1.64369689532530461e-03 1.26181797578715527e+00 -5.63006491969537670e-01 6.12744244981750952e-01 2.49941464243483707e-01 6.69144187060883966e-01 3.39172542994548437e-02
2.71652450326141277e-02 -7.66759790082453541e-01 6.70783085193249473e-01 -1.32965694124359435e-01 -3.19108394883707291e-01 -9.37572555621963399e-01 -6.13113016161594138e-02
1.68196169878125579e-01 1.06056880868448133e+00 3.60799610384655689e-01 -1.61981031822790916e-01 -3.12612248382983238e-01 9.00048190934436998e-01 -3.42819347796847751e-02
1.70852223617441262e-01 9.72465744885869898e-01 -1.10287964988730232e-02 1.81303322073852358e-01 5.51523822677020381e-01 8.12612115283727232e-01 -2.02142044564726890e-02
8.28902409559014071e-03 7.41262512041848010e-01 -8.03721130569061026e-01 -2.62976602239414547e-01 4.98323380594351661e-01 5.79924351759222412e-01 -2.71295149462978891e-01
9.49386517433978949e-01 -5.81331353530159078e-01 -4.44319001948713876e-01 -2.35089960151194932e-02 7.16083528892029864e-01 -9.18509702807760564e-01 5.10413491659870489e-01
3.16769013929505544e-02 -3.87781003683207948e-01 5.79001213816783045e-01 -9.43563009027693494e-02 -1.24038442753002820e+00 -3.17744021693669387e-01 1.17550209977158121e-01
2.72682002525344823e-02 -1.37834714453816065e-01 -4.26552889164025895e-01 -1.62876543575449229e-02 1.86526816056668787e+00 -2.71281809320867984e-01 7.35813729870028049e-02
7.03853055839510633e-01 6.70154619352565151e-01 6.91384338373733587e-01 -1.32572525748839820e-01 -2.99768929788966687e-01 8.05355917232754681e-01 -3.95070381133480752e-02
1.25429539261152963e-02 9.76374802169933664e-01 -4.18046969049634121e-02 1.23532155553976369e-01 1.65075125338215722e-01 9.76602389014894823e-01 -1.80175028644893376e-01
9.38262465614355529e-03 1.47109412909542520e-01 9.08252800229994661e-01 -1.60136256154738643e-01 -7.60350997721090271e-01 4.43681088891502651e-01 5.68826960062706558e-03
2.61337201598920571e-03 -1.19416002482005568e+00 -7.73177687777099498e-01 1.91433129147591287e-03 1.79729062846844506e-01 -7.29743507227263444e-01 -1.35521506074029879e-01
1.51746097852610670e-03 -3.19830805863919654e-01 -7.48157212486825540e-01 5.11862385095174344e-01 8.34956126116743524e-01 -2.79967100347963849e-01 -4.92315122978543990e-02
9.17739981405068406e-01 -1.25159395499007065e-01 4.54631422731729296e-01 1.01251699160279776e-01 -1.58516631147291509e+00 -5.69615949704492586e-01 -1.48953689101982673e-01
4.12193782276894183e-01 8.72780940723343668e-01 -3.94064202888253112e-01 -1.03786100931381936e-01 4.66026759977476501e-01 9.30173688317431302e-01 1.09415728534233314e-01
2.47380465515583708e-01 6.10861565397027184e-01 -1.15363619220687219e-01 7.10299999058905812e-02 8.89879403952259368e-02 1.31614742793511863e+00 -2.39746218290112278e-01
8.83322749400771712e-02 -7.89346086850332807e-01 -1.85931672765764527e-01 2.97755861504239629e-03 2.02937842151721420e-01 -9.73432487216954745e-01 4.26802472594317250e-01
6.35963747352487618e-02 -6.68273618001630321e-01 -4.09727831838912343e-02 2.45520142613518053e-02 1.69245978624703003e-01 -1.28860862229188644e+00 4.25122859604458003e-01
3.97557559077424183e-01 -5.10549664562143790e-01 3.66128254050649915e-01 7.83993457351463488e-03 -7.94737106504153856e-01 -9.19054416757782544e-01 7.54781142630764013e-01
1.86803780918837592e-01 -8.64376130595333803e-01 -9.78465703742413817e-01 5.11515165388171031e-02 6.44612005853991588e-01 -4.82531000272845789e-01 1.08090882610473712e-01
2.69649976059228857e-03 -1.44715561068952669e-01 8.92605654827049566e-01 -3.75926515469196879e-02 -9.78261715452385050e-01 -1.83849923318466085e-01 -1.06068846572481681e-01
8.51091129947689935e-03 -1.38696613019866377e+00 -3.25738179256099825e-01 -2.37288234412071836e-01 -1.28234956390077176e-01 -5.37546803707588228e-01 4.92274324754394255e-01
6.17962181211698276e-03 2.76281576845402610e-01 9.18652987048911407e-01 -8.66385729226906570e-02 -9.78866516541689879e-01 1.29798838461166632e-01 3.01068287567188009e-02
8.49511341268263144e-03 6.94226401050817676e-01 2.79009611086311005e-01 2.80964390841153433e-01 -4.53767160322379792e-01 1.11389487973697165e+00 5.36266484111350417e-02
6.11927570428848818e-03 -7.13906456301814152e-01 -8.05070521304531272e-01 -5.16325049019307869e-01 5.33458539965902867e-01 -6.50266508115032060e-01 1.55102561804831909e-02
1.21248063374686981e-03 -8.29317758026640095e-01 3.95762666826219078e-01 7.62383315234404918e-02 -5.80646712442097201e-01 -8.96676163711490060e-01 -7.74562758051694222e-02
1.38184150536613476e-03 3.99136294933786440e-01 -1.18732224682806264e+00 -3.01372709105932779e-01 6.87088705029211155e-01 5.50941701490927138e-01 5.90649892200152543e-02
2.00597960505211927e-02 7.79954635718761335e-01 -3.06404802574266499e-01 -2.58945713290457125e-02 4.19899018927944179e-01 8.64087379428589375e-01 -3.62729189835450994e-01
1.47317569880977845e-03 -9.41738039670523053e-01 4.27348477835936214e-01 -2.39886985329921226e-01 -3.00408818899752406e-01 -7.55598024446274219e-01 -1.05800913945113789e-01
2.87453888963449524e-03 5.40036590081466317e-01 -2.88060095627304724e-01 6.40989392886584380e-02 5.26737609486458203e-01 1.30017278625538069e+00 -1.35622761190705071e-01
1.10655195527719255e-01 -6.87827044059144743e-01 2.27643308642756864e-01 -5.85602589162014311e-02 -7.26983052244463801e-01 -9.06991581349510634e-01 2.30792597240503827e-01
1.29595696880978935e-02 -5.27431760975128117e-01 1.09576670362862028e+00 -2.19445582689989233e-01 -6.30588123841550940e-01 -3.87437017991899502e-01 7.47440941567744377e-02
1.15041704401043204e-02 9.03789622560681516e-01 -1.14214931005812770e+00 -6.55675689320400434e-01 4.46920387096215399e-01 4.50554325650230902e-01 -5.31506391067933653e-02
1.65265374521716903e-03 7.05343503251618431e-01 -8.15840980240070790e-01 -1.72476605096127916e-01 5.45376765885942083e-01 7.10561328337483644e-01 -9.69710656285760336e-02
1.96033671061530773e-01 9.02086154150117059e-01 2.15152615729705177e-01 2.70018601175915529e-01 9.67512196125740742e-02 9.26337020035999714e-01 -2.19234318659980776e-01
7.89171860044019180e-01 1.28266743230048141e+00 8.79528800563095375e-02 -1.47476034669406342e-01 7.53434177035720715e-02 7.30820695965088252e-01 -4.25919447709580845e-01
5.71390275173408718e-03 -5.27862735740908695e-01 4.35542510105664415e-01 -2.93783140036122548e-01 -9.77891096010396477e-01 -5.43285432406762414e-01 2.16303016543647725e-01
1.49001137754743653e-03 -8.56327271849035010e-01 1.77358782834049766e-01 6.05267127070325886e-02 -2.52340082875593896e-01 -8.31167856319316556e-01 -4.49349322400048046e-01
1.38541207254082952e-02 3.37729240040128109e-01 -5.61068876209566691e-01 -1.30957340714564219e-01 1.24344593038244589e+00 6.19690896013768366e-01 -2.17404412746169257e-01
5.19900326856872708e-01 -1.00260636982755558e+00 -3.23120243320559886e-01 1.57794256950098771e-01 1.55085923502955525e-01 -9.16046126605725042e-01 -2.32578011053654776e-01
2.10238379378882012e-01 -1.22788447079326790e-01 -1.02071096573985476e+00 1.86193477926711565e-01 9.06019152160945862e-01 -4.00873229808131670e-01 9.27407294577807101e-02
1.72428605886317726e-01 7.50731384859004924e-01 -6.76255170546727236e-01 -1.64368156109241520e-01 9.27142918901002311e-01 5.14529812615369453e-01 -5.20372386141259441e-02
3.24404670308022447e-01 5.94808922257563211e-01 7.57249339049301806e-01 -2.06096209237724842e-01 -5.99662289128714998e-01 7.78992196715667329e-01 1.75581800623191842e-01
4.91069828882502793e-03 -5.91747663002041402e-01 -1.19446379521869361e+00 -2.36903202471768520e-01 5.04003895929859058e-01 -3.77705547167136779e-01 -2.13446277761643960e-01
9.83288984770159212e-03 1.14773921617329622e+00 -4.66141461154470083e-01 -7.21197614220020350e-02 7.05030985510897379e-01 5.43843235635960487e-01 -3.26233538058907646e-02
6.16660478019790625e-01 7.59922797578360537e-02 -8.93024003716725523e-01 5.98435517106220116e-01 7.63649962966898244e-01 -7.33399726901083210e-02 -2.25709597658068813e-02
2.98081388242771472e-01 -4.52577802652806394e-01 1.17822779820475732e+00 -7.20140313620259848e-02 -4.24990596532532017e-01 -7.03003883406699059e-01 -1.10110776042771780e-01
2.99915955768939313e-01 -9.63884789832710198e-01 9.87439715846484600e-01 3.62040981344461443e-01 -6.30766827743685199e-01 -4.53437582556068253e-01 8.67478296694317898e-03
5.61981133803798882e-01 8.98741327243901433e-01 -1.52629955142612028e-02 1.55997413872010771e-01 1.24919808186383111e-01 9.01942808243599514e-01 3.27519130190004115e-01
1.42599326765486026e-03 6.35401427692306786e-01 1.06789853926453779e-01 1.95035691219905161e-01 -9.29774702611980836e-02 1.28574051575694570e+00 3.87135463710631844e-01
7.57458309825267354e-03 4.41303532682585653e-01 -7.23320419440395379e-01 -6.26172023096138453e-02 1.09425470760241383e+00 2.81026670178697313e-01 2.40970835855407739e-01
5.48777290531310153e-03 -6.46115641683977282e-01 -5.33549586562693023e-01 3.63139341690947137e-01 5.39001845405400193e-01 -8.92211541683945897e-01 2.41758931747480144e-01
3.03633391040089747e-02 -6.95325674472279553e-01 -1.12362231651044375e+00 6.62709584350865827e-02 6.85205639702573421e-01 -4.46346922388350553e-01 -1.54067612169378559e-01
4.99459800682180433e-01 -6.35026354798132076e-01 8.22892046182722603e-01 -1.82607074189104324e-01 -8.07895528660262152e-01 -6.12069792738452634e-01 1.41963437940667236e-01
1.10875063961012096e-02 -1.11873064879787076e+00 1.18419162833505220e+00 2.83039129136020029e-01 -3.46320264915665699e-01 -4.52899173926702259e-01 3.66708094836898646e-02
3.14567441789534398e-03 -9.34979151612332360e-02 1.12058166252384939e+00 3.80115651855151448e-01 -8.43779185228546447e-01 -2.47098897580792981e-01 -7.25109925606566147e-02
1.17763338340529239e-02 7.24406404862211084e-01 -5.16769577371865463e-01 -1.36189806906999916e-01 4.72074948815038475e-01 1.03573697598555658e+00 -1.96037384358971167e-01
2.30829234747488080e-02 1.67502441880728736e+00 5.48826453374257839e-01 -3.36782302523233934e-01 -6.23402945423782787e-02 5.79352395148242993e-01 2.60331334023078190e-02
3.32416036326465061e-02 -9.00389073773510518e-01 1.25926767944947127e+00 -7.87343260180113497e-02 -5.40059601666726286e-01 -2.62358049396390791e-01 3.39912429461410176e-02
5.30906889558079020e-02 -1.07178414539538958e+00 4.43371750070850390e-01 7.15996854846212782e-01 -9.50506019424099124e-02 -8.09238628493423873e-01 5.02120797115408052e-02
4.74080599581550521e-01 1.09315311125700032e+00 -5.22626380511877708e-01 5.60717550429461822e-02 7.67229778313479271e-01 3.64167504498168315e-01 2.27579188816743133e-01
1.33650085476649913e-03 -1.15161297532387064e+00 4.54642855868639173e-01 2.14089559375894578e-01 -3.49736720455341848e-02 -8.24926721733575508e-01 -1.25600111174527879e-01
5.11485262465376095e-02 9.51459526772627351e-01 5.81939036381152963e-01 -1.96303183549173532e-01 -6.45776782478717837e-01 5.34409234414792600e-01 -3.40445298222296189e-01
4.00583198051685449e-02 -4.50848603335132769e-01 3.71269746496316111e-01 -2.24791372203841343e-02 -1.22915582088503506e+00 -9.68111174605434610e-01 2.22288409696235617e-01
2.71165005394369491e-03 -6.86579333747497023e-01 3.91597114661611512e-01 1.13074886413539466e-01 -5.61933675609287864e-01 -9.48082387020703132e-01 -4.16479122024547843e-01
2.76245014952281693e-03 1.39156788029187140e+00 -9.82367925307356948e-02 1.90756058456708372e-01 1.50735317443131622e-01 6.36448665385040413e-01 -2.63383792173945863e-01
7.67015527516809792e-01 -1.58930316870079698e-02 -1.17886942896944280e+00 -2.93096664833113640e-01 8.84399556803643794e-01 -2.26544278146035366e-01 -8.47426853822307868e-02
1.10094087857987421e-02 4.19460688674828608e-01 6.58320760430279428e-01 -7.49352060370846729e-02 -1.12153896053421809e+00 2.04278715026924129e-01 -2.18196494217452380e-01
6.17531511138501438e-02 5.33931028177995537e-01 7.27767730912892041e-01 -7.54819036565074902e-02 -6.76741011109043722e-01 8.11247262939569502e-01 -6.07100666489464591e-02
2.76797384089118470e-01 -1.31655287157608969e+00 1.02556897026453919e+00 -5.56972728373773124e-02 -4.54854504248376590e-01 -2.24401807562906369e-01 1.01620563137593115e-01
4.67441566377635453e-02 -1.65785179124699783e-01 1.23941279309378927e+00 3.73655242552801831e-02 -7.47418380163511142e-01 -4.38866733872340598e-01 -1.39816604469290173e-01
9.64706172547238200e-03 9.63368973795975969e-01 -7.83356746011307448e-01 -2.56463848807937239e-02 3.08984751422290593e-01 7.29137985421466683e-01 9.52545105144201043e-02
6.59177285288141901e-01 -9.98521033045331463e-01 1.14942598062177126e+00 5.54979302326459867e-01 -4.58100204500379526e-01 -2.62581988648769749e-01 1.08192735667567014e-01
9.76578087998185122e-03 -7.38390364638083718e-01 8.12709755768211917e-01 6.23179055374726509e-01 -2.66935477066374938e-01 -7.92666569648656893e-01 1.79508986879713291e-02
5.99637851608615935e-01 7.45250038106738399e-01 1.06783081390378021e+00 -2.91581024331567573e-01 -4.49289996487808097e-01 6.01022014788374248e-01 2.73593814830684123e-01
2.66618148240645300e-03 8.97276238637042423e-01 -1.66313475811426331e-01 1.52502378149917378e-01 -9.35252673273349183e-02 9.40072691832994134e-01 2.78078699811636132e-01
2.82648364658209372e-03 -5.04017809973607234e-01 5.66490379795005494e-01 2.42789977065967583e-01 -8.69108560862257518e-01 -5.38789689728426557e-01 3.43844350389497622e-01
1.92926007179417469e-03 -6.23310767457209036e-01 6.90351873694180496e-01 -2.63852082338235872e-01 -6.72003052735093309e-01 -7.15167824143776887e-01 -2.46247081687886671e-01
3.28577085604983277e-02 -2.88636904602426581e-01 -6.84604205562327373e-01 -6.56742297946037029e-02 8.72094451531494674e-01 -7.42622511869183266e-01 7.72681422558612191e-02
1.42939622710827663e-01 1.77643718703024034e-01 -5.98743332150507013e-01 -2.66884251965364638e-01 1.30718293589860179e+00 6.49418264850380733e-02 -2.74701931391165943e-01
9.60221912984952075e-02 8.55553261133172760e-01 1.56927601798109079e-01 5.61764975643975623e-02 -5.35701101977791416e-01 9.12503392836337412e-01 1.57346287145982908e-02
5.17485314837904178e-03 9.92690387049488865e-01 -6.46391624217924066e-01 1.09093949004086269e-01 2.82573347398954067e-01 5.80699427141893265e-01 -3.26083204403739058e-01
1.51802715246302888e-03 -5.09956918096417189e-01 7.03194135022221167e-01 5.98508643466102042e-03 -7.34620329520845994e-01 -7.11262919320661324e-01 4.14562257441010718e-01
3.07168085463599638e-01 -1.02183260471577464e+00 2.85338345115350278e-01 8.88873790241168638e-02 -1.59155379608429487e-01 -8.33635415675847757e-01 -1.85553166339729285e-02
3.18931933478923346e-01 -1.72037408405454784e-01 1.27603061823184838e+00 -3.62035264878119933e-01 -6.46419460619485520e-01 -1.58629899782708167e-01 -3.66923128253558023e-02
4.33597272403791600e-03 1.16718379281703116e-01 1.07814541099041228e+00 3.36324601442924212e-02 -8.81138387266446776e-01 1.82124709816909536e-01 -1.33887861726137564e-01
4.65180126203584676e-01 -3.64647188648507981e-01 6.97929013684744692e-01 2.89180775889037178e-02 -1.05145016775437505e+00 -2.74508472188925379e-01 -1.10886175279883689e-01
1.99391276159249786e-02 7.42938930409154819e-01 -3.55722099796975721e-01 -4.68789474822224883e-02 4.93352960124921081e-01 1.09766702452685072e+00 -1.87527589037440268e-01
1.03629313907469562e-02 9.24120665890167392e-01 -7.09419065276015059e-01 -6.77528797286568590e-02 3.30196292261327962e-01 6.69637127849198932e-01 -1.34783470724024468e-01
3.31451112111778579e-01 7.93316499192886382e-01 1.62984604530468480e-01 1.57370767882741777e-02 -1.79727624421673476e-01 9.41842698751710672e-01 -3.89170107377052987e-01
1.53567283139115999e-02 4.57218955813671946e-01 2.22694343470053457e-01 1.76221860824201382e-01 -7.39638448816208993e-01 1.33093663096887171e+00 3.64656301727095455e-01
2.93676072245061745e-02 -6.14915598022448662e-01 4.90226564818226185e-01 -2.82513049645545244e-02 -9.22236713772387917e-01 -5.46780817514992412e-01 3.31555225411771237e-01
2.88225921842162447e-01 -5.05250222394621334e-02 -5.23844350395495262e-01 -3.61415179002832043e-01 1.23291426008664295e+00 -2.53644816643787074e-01 4.09078325922083152e-01
2.28159572942346831e-02 -1.15022311381223163e+00 9.08420213734768334e-01 -9.57175904564911695e-02 -4.45311499698465396e-01 -5.99820232226272010e-01 3.06261732015282485e-02
2.81068906328240734e-02 2.31806676354299607e-02 -1.05284736188480577e+00 -6.85026744118153452e-02 7.46669758453601284e-01 3.10865388686525912e-01 -4.31260873960588875e-01
1.86904339323726624e-03 9.24398202828253579e-01 -9.36074097754001300e-01 -2.06206427015382943e-01 4.57957235732031176e-01 6.51027673177616228e-01 1.42394086486649835e-01
3.86816508676514459e-01 4.86035209670831025e-01 7.56848104134979383e-01 9.76089602740704554e-02 -9.13767238303104246e-01 3.62967923832241302e-01 -1.02849706351506684e-01
1.17638822210865343e-01 1.50378416869510340e-01 -6.32639079882791999e-01 2.68868454512902633e-03 1.42294133166159686e+00 3.66686217939357004e-02 -4.83869382171905282e-01
6.07350142090877232e-01 -8.55445697999712484e-01 -1.34907007354832242e-01 -8.57776308182508357e-02 7.46024661561927482e-01 -8.91152203724268621e-01 -1.21048711169723683e-01
1.08245807869491073e-03 -9.88862235154150948e-01 2.58211721650216386e-02 -6.85936841377477180e-02 -6.10772753175157571e-02 -7.98409134125375841e-01 4.91541844794053218e-01
5.55728664764710487e-02 -9.77904212588530247e-02 -1.11405019942914474e+00 -1.79008187973194427e-01 6.91708360438652692e-01 3.29804741696289039e-01 4.02919983415302552e-01
2.94810889252399141e-03 -6.23816613857867575e-01 1.04374174136486131e+00 -5.00132426601736846e-01 -8.18573006800140446e-01 -8.53882789840579304e-02 -2.76237813489817984e-02
2.88417512327190373e-01 3.94735253030024047e-01 1.42140619647730726e+00 -3.81771352959829169e-01 -5.45052158609534154e-01 4.01813937591958215e-01 2.58049127440889203e-01
1.02185805581604772e+00 2.05154106379573820e-01 5.46622835843351362e-01 2.13165709620979360e-01 -1.14522955314214903e+00 7.19819268789495426e-01 4.02538504560074728e-01
7.51989179048594691e-02 7.33564301885421766e-01 6.21650444205146036e-01 8.95931293055572953e-02 -6.48177698977765560e-01 5.86827528233421214e-01 -5.60533762430488747e-02
1.19568575200539994e-03 -3.00907360913125366e-01 6.59276862266550023e-01 2.10344472746498867e-01 -8.34107839787172511e-01 -3.99093603192383850e-01 6.31115704070534078e-01
6.31746650569732244e-03 6.85851830415308950e-01 6.76028597458300684e-01 2.36179109481566875e-02 -7.13901876326341833e-01 5.89131631130860645e-01 1.66484544895536407e-02
4.45417532798026150e-02 -1.65985245064804582e-01 5.06391842903410994e-01 -1.17437650937979324e-01 -1.42623038222285103e+00 -3.42936446983002297e-01 -3.39718270370389597e-01
7.83942239470049734e-02 -8.53817543165443366e-02 7.70099471379815159e-01 -3.47542346410878833e-01 -1.13564126929931009e+00 2.42343689335441315e-01 6.98008268464343912e-02
6.18194097906152231e-03 -5.43903423027017441e-01 1.05853824532357721e+00 -2.09775975806128891e-03 -8.20246707003446929e-01 -3.77908956463272661e-01 -1.27468551605420477e-01
1.36885962950200835e-01 9.71408975552032317e-01 -8.31711218391546714e-01 -5.35949152674592644e-01 5.98507439638787941e-01 5.48424912613839299e-01 -4.77010425652455161e-02
4.84555639391353710e-01 8.15349234146780733e-01 -9.79315679721018406e-01 3.65050914381868713e-03 5.88794418934096564e-01 5.22723230234797831e-01 -3.96050781965055360e-02
1.82146808046973224e-01 -5.31902501008754205e-02 6.43826238566258202e-01 4.83172388777644776e-02 -1.37459770540235704e+00 2.04487026969030761e-02 -1.94635921445193677e-01
1.26169582334193786e-01 3.94024208292680533e-01 1.98000803068697356e-01 1.55813082755369985e-03 -8.26547060362080366e-01 1.59775631880287672e+00 -7.57518093254572478e-02
2.73589423759045903e-03 9.57515099642424539e-01 4.71570698110699682e-01 7.75724820488819661e-02 -3.33237842250339422e-01 8.95221628738560371e-01 1.23829601664084618e-01
3.74014493997277153e-01 7.89124119123099876e-01 4.69429358966639620e-01 6.38741710769528681e-02 -5.11862063677357204e-01 7.13771746474839874e-01 6.35946493929356593e-02
9.72537406496580374e-03 7.16592833320772449e-02 -9.12671318244760443e-01 -1.88384051983972838e-02 1.15123416049586180e+00 -1.31364917353906180e-01 -4.95468074672352349e-02
7.51553247203489219e-03 -7.15537935535318748e-01 2.88910114625578474e-01 -2.55900848997216934e-01 -3.40440468959074038e-01 -1.03895486565994832e+00 -1.90870868064623361e-01
3.08007816763283425e-03 8.24230086576565046e-01 -9.70399579877743945e-01 4.70997220050832943e-01 7.59836676712620673e-01 2.76948304378203225e-01 1.63221292770929817e-02
2.48107530794943326e-01 3.25290535229197930e-01 -6.32197103581060182e-01 -1.28492401664042744e-01 7.74789944840652778e-01 1.04276043058369461e+00 1.87346001301758519e-01
9.06646031974389088e-02 4.87033935949812313e-01 -1.06105625007433968e+00 1.04034274032483873e-01 6.55800290162498301e-01 5.47216349660717860e-01 -2.69004742969144950e-01
1.36146194384810015e-01 9.80946397061653180e-02 -1.39113855882689763e+00 9.53677168580595147e-01 5.66358419160216675e-01 2.75033228742247449e-01 5.56678323110380568e-02
1.03062638419993396e-02 3.45050422049425209e-01 -7.75704982211103178e-01 -3.34613188772182157e-01 6.54817223562518924e-01 6.00205326667529793e-01 8.51100306149607522e-02
4.35611390565949705e-02 8.94950256984058390e-02 -8.03298944677867111e-01 -2.68818780762506371e-01 1.02906636324034495e+00 1.40181332364611833e-01 -7.13774878671028790e-02
2.07052474083772647e-03 4.33267163718615345e-01 8.04739414319711854e-01 1.10322465337753473e-01 -9.27069107617544019e-01 4.48499521053374706e-01 8.69105139800846818e-03
1.46993355820033266e-02 8.37545712488344862e-01 -1.05371841390632670e+00 6.00506457173800690e-01 3.47020442301927967e-01 5.09258894016407115e-01 -2.99343451061396482e-01
7.72462947423668944e-01 -7.22343001530609263e-01 7.78834152892228571e-01 2.56386377354114250e-02 -5.88136930321379037e-01 -5.46746612812497812e-01 -5.47917302053131106e-02
6.19925412929649283e-02 2.55568231537660791e-02 -9.37838192423063322e-01 4.80225719919979976e-02 1.08356500667564082e+00 9.51233231190258127e-02 -2.55469740756342156e-01
1.54949148532202551e-02 -5.87504810462822880e-01 1.54169378366905779e-01 1.49234287558802081e-01 1.58238291537243003e-01 -1.33237444567131336e+00 6.71984887674914738e-02
3.14079966599526139e-01 5.82825357043660452e-01 -5.71287506113052235e-01 4.91678281735071554e-01 4.42128984796177571e-01 5.18293212701576245e-01 5.94352529594154855e-01
3.25386452571431017e-03 1.36059165537487026e+00 5.16565034849230331e-01 3.34453164351511456e-01 -3.74547531311230031e-01 5.95695981429437027e-01 -8.66510998446830688e-02
4.52665275075846488e-03 -7.50302778821297811e-01 -1.00211067839091372e+00 -1.29861335027501829e-01 8.45712390295938365e-01 -2.00259652424717771e-01 -1.06153749739530179e-01
3.38639819777535461e-02 -3.89339945317072056e-01 -8.91102093173207765e-01 -1.89409934588184725e-01 7.13783976541619625e-01 -6.08063143489609104e-01 -1.88197425381076783e-01
8.93089242981375042e-01 7.65378192031657356e-01 7.14883021212056491e-01 -3.93748814436003958e-01 -4.23328924046930788e-01 8.47022885912597334e-01 5.23919932560515111e-02
6.26279139486856339e-03 -7.32513880770499615e-01 -5.42413051520166944e-01 -4.23897603054949335e-01 6.03885735627896381e-01 -7.12632848700297084e-01 -1.60174756066323171e-01
3.61714734734243537e-01 -5.24606765193934010e-01 -9.34275445701762131e-01 2.81234109954647316e-01 6.56985708290173553e-01 -4.24659523463137456e-01 -1.42244505505020498e-02
2.68160403645483908e-02 -1.30109053732634772e+00 1.54723919717762937e+00 2.67767559506918218e-01 -4.02194197010216192e-01 -1.98011109540149666e-01 6.54846990357635522e-02
1.54970565235818925e-01 -3.11682302950291867e-01 -7.16928187371705050e-01 -1.36154369093051730e-01 9.44950903510857088e-01 -8.35159414880083384e-01 -1.56809582913501472e-01
2.34441313081889049e-03 -4.21573125655466563e-01 -7.30915857889891996e-01 -5.25647968853613978e-01 6.97166583827905084e-01 -7.11297601011479430e-01 -1.08670993309219088e-01
5.33629602005767090e-02 -4.49855284978083581e-01 8.29400637080468850e-01 2.48110084117090166e-02 -9.24289285790976467e-01 -1.30579389321054784e-01 -2.50669255406116565e-01
6.70781997032518507e-02 3.38839733917250308e-01 -1.20743492862165369e+00 -7.43584978151752563e-02 6.91133727519299246e-01 7.45969028334128037e-02 3.76637234880237037e-01
1.80330010053372509e-03 -7.99092120524914740e-01 9.82251350618235652e-02 1.26212036948422562e-01 -5.59402979530339128e-01 -1.04688898825144738e+00 -1.97682125166047357e-01
6.08660078718207265e-02 -8.14135185954960816e-01 2.98849954264899298e-01 2.41782263580690854e-02 -4.67944549576350122e-01 -8.41982293677966731e-01 1.30724030795662027e-01
5.27157195273998402e-01 -7.62956874790262862e-01 -2.21400027799556337e-01 1.64652310413736264e-01 -4.24637612430073197e-01 -1.05801433097434239e+00 -2.38623036293959562e-01
8.90004490747643429e-02 2.77829645010677806e-01 -1.35190557046410365e+00 2.65137384296053769e-01 6.73220196829159234e-01 -4.04347464527140404e-02 1.90104877211796419e-01
9.67243975974479420e-02 -6.53537258263869103e-01 8.45882454190792887e-01 -3.04255206791032073e-01 -7.44022875133229733e-01 -1.88460864194648775e-01 3.05905774663504437e-01
5.89045315279397783e-02 5.35877780787007874e-01 1.18372682338802226e+00 -5.41045924045621907e-01 -6.76913987044804766e-01 2.98589906505035030e-01 -1.84834782448845963e-01
3.42744991313548341e-03 -1.01457902157173763e+00 -5.86682737373263485e-01 5.11480416866358298e-02 3.82816675715610288e-01 -8.11215080923898713e-01 -2.96371050830010585e-01
3.40814888019766032e-02 -1.27165944939999664e-01 5.79456230706695608e-01 -1.47695837439911840e-02 -1.39108436810417113e+00 -5.59208338028621799e-01 -3.89128036663008658e-01
2.47248964479431952e-03 5.95265691593096724e-01 -2.35196599732164641e-01 2.69898698258099375e-02 4.10541721100101509e-01 1.30972698460383663e+00 -6.18803583256212986e-01
7.37725058873502704e-01 -1.01879684357281675e+00 6.08538606756292788e-01 -2.32112278593812643e-01 -5.75339688708278119e-01 -6.11920137433891287e-01 -2.31058935452502362e-01
4.73773899628633210e-03 -7.82727519313849762e-01 1.35297494226272730e+00 -5.52659671322636298e-02 -4.28667930232629502e-01 -2.62644118246616487e-01 -8.81135303491385330e-02
7.69242324476814617e-03 6.98115865964686333e-01 -2.06353482680545236e-01 2.02082221051973265e-01 5.41414183954788797e-01 1.05705584024908972e+00 2.08816122060231424e-01
1.65332228556462520e-02 -2.44718121005662870e-01 6.45945413222834497e-01 2.12027425652574278e-02 -8.53557084058391036e-01 -9.22966082566645585e-01 -1.26131416166002569e-01
5.05530921411931788e-01 2.83784245829914517e-01 -9.60933803497552752e-01 -3.13254678434947628e-02 7.78067314916610964e-01 2.55610875576733898e-01 -1.65677391738788260e-01
1.23348903800189346e-03 2.92026504797063602e-01 -9.97663781445531916e-01 2.50632881450840950e-01 9.95523098671078910e-01 1.79556629863496131e-01 1.81393260923160243e-01
2.71400963496919202e-02 -5.58645987540561939e-01 -9.62209300143539031e-02 -8.43579405852026287e-02 2.96375074239639158e-01 -1.52579003659708845e+00 -3.13527746278811359e-01
1.18604419497584782e-01 -6.86123923188242002e-01 2.85726795461036687e-01 -2.01694237046491337e-01 -5.27982209335371877e-01 -9.80898700986813532e-01 3.12667337777088550e-01
1.26207785254961614e-02 -1.04047804588455972e+00 -7.27842094608338597e-02 -3.03902884337811763e-01 1.57332900320105717e-01 -7.92346927912266574e-01 -2.45825695058074587e-03
9.27084500702744230e-02 -7.88382455222357392e-01 -6.75976442304368041e-01 -6.02018688339012842e-01 2.97646418636124566e-01 -6.74301332082580140e-01 2.17733172247369322e-01
1.48758416831292872e-01 6.66577693935163751e-01 1.96429766850800380e-01 -2.82652610974158842e-02 7.84461126899903827e-02 1.23031984321820054e+00 1.11162480291218613e-01
2.12883745394237600e-01 -1.95343934894143367e-01 -1.06150918407355377e+00 1.59589446388146761e-01 8.68934807946713961e-01 -3.20824450340896294e-01 2.83614746312945920e-01
1.15535445841521880e-01 -8.73861230222297780e-01 -2.20052451312475722e-01 4.06967572596310181e-02 1.69604609157947617e-01 -1.10662467685150334e+00 3.20360657295448104e-01
5.60590285664834612e-02 -5.03556486502891643e-01 5.33022731428593577e-01 -1.61812555558568216e-01 -8.89348509717699631e-01 -8.22289379921066654e-01 -3.67178124472021750e-01
5.48567015822033245e-03 2.72058132052469703e-01 -8.14513176790306548e-01 2.49598243308104678e-02 8.83820330460634573e-01 2.77039174196271942e-01 2.53307425321870117e-01
1.34225879236394369e-01 -6.75188968611489915e-01 1.30771738853504377e-01 -7.73499965184454574e-02 -6.66724883628829867e-01 -1.00215870008987928e+00 1.44123078456649539e-01
6.09263086405591962e-03 7.70575374952544023e-01 4.32454528696344320e-01 -1.55470192272389424e-01 -6.87348114110956421e-01 8.70512089313876469e-01 -3.17180243576616278e-03
3.76785716665560891e-02 -3.61866026928616857e-01 2.30975495354613564e-01 -6.51832593468423538e-02 -6.84595249312356935e-01 -1.65618887092922229e+00 3.17881319569919552e-02
2.59731618309025488e-03 2.83407383662610424e-01 8.86854423711973094e-01 5.22896560871797325e-02 -9.93503645129900859e-01 -1.79870624294166864e-01 -2.96116217946728655e-01
1.08039950583088740e-01 1.42807121043090923e+00 5.97810957086550299e-01 4.06258197690360645e-01 -2.31704474264800286e-01 5.12010044134789122e-01 -3.38791538370259493e-01
1.16690109746322192e-02 -9.11552498296628211e-01 1.10802002164141822e+00 1.13798593600292874e-01 -5.20169158574961821e-01 -4.96415018885144776e-01 -7.42083696118677888e-02
1.11128125332040001e-01 1.03275904969147625e+00 4.40888564236388281e-01 -3.03085931809982667e-01 -3.22588589445961027e-01 9.07284023001143636e-01 -1.51633734930030156e-01
2.27098292959483535e-02 7.54214876664052070e-01 -8.50557729049430833e-01 4.13406951274465917e-01 5.15834751639864808e-01 5.59060138643097781e-01 -7.22112277751725401e-02
2.30832216224913789e-02 7.27558617829003884e-01 9.24774454400800305e-01 -9.68483342108863166e-02 -5.71549951128020095e-01 5.51646256392001377e-01 1.07149033854659015e-01
2.35417298999214430e-01 3.68230044175704319e-01 8.63488050077587110e-01 1.04244669845428364e-01 -9.97054672177793977e-01 4.93394961169419041e-02 -1.26908362714814177e-01
1.29550936955337460e-02 1.10941403821271423e+00 -4.44499860455259910e-01 -1.92594249289512631e-01 3.68384092049805878e-01 7.54368696468200262e-01 -5.66602028165196642e-02
3.31187121159850273e-01 6.17095457262452768e-02 -1.52280977208913981e+00 1.69212792450873478e-01 6.96370748532480599e-01 -1.64161644897650866e-01 -2.48573699067712699e-02
7.79525010123605228e-02 -3.58055521776519781e-01 -9.06977851754207531e-01 -2.79797560344121565e-01 1.05841858641838793e+00 -2.13101218377238583e-01 9.51352549037876721e-02
3.75742817378492550e-02 4.38023816189252235e-01 7.76159285330582760e-01 -3.48284980340930819e-02 -7.75748670838349974e-01 8.07976561151775186e-01 -1.58987275993602961e-01
4.77524995462641315e-03 6.33790466241520800e-01 -1.15535230416930967e+00 -2.73513781204966278e-01 4.32038750100766977e-01 9.19223289324456461e-02 3.41384468876638036e-01
1.94785680888523959e-03 -4.00821013973821583e-01 -5.81076684366015894e-01 -7.12483743463940417e-02 9.82006287198385341e-01 -7.02273678342996588e-01 -1.65246403991722357e-01
2.30862792466476584e-02 -8.33293541575688246e-01 1.33264835715462965e-02 -1.85012945477765534e-01 -2.94069623603212316e-01 -9.88076032507038238e-01 -2.02919545670572271e-01
7.15047010812098760e-01 8.17263629843357986e-01 -3.83035841357943330e-01 6.27027641783129003e-02 5.04824765390373575e-01 9.41139827710786525e-01 -6.98193225965687558e-02
4.17430541098016365e-03 1.33153868885589333e+00 1.10211073347984834e+00 2.17446920664181781e-01 -3.71963241267297628e-01 3.28573087699116251e-01 -2.62516318705478466e-03
1.71807853109647761e-03 -9.40108588520124022e-01 -1.26159761628646661e+00 3.84322802161534360e-01 4.33491682335299888e-01 -3.60153767605270292e-01 2.02343830232662919e-01
9.06834683532270133e-03 4.90335706304233621e-01 -2.63482976988500484e-01 3.31517231040726723e-01 3.00596299145406698e-01 1.24787493256142468e+00 -4.35061488516815587e-01
1.47365565265215317e-03 3.43072523065104440e-01 7.56965603682797084e-01 -4.24344192171905721e-02 -1.08252559912924018e+00 2.06447836634445936e-01 -2.07519892847785013e-02
4.35782895823536368e-02 -1.32043564885412978e+00 3.09783942644265786e-01 2.36455706908965474e-01 7.09263882222343489e-02 -7.11545393592680209e-01 8.49877482150878695e-03
1.10873438342483127e-03 1.32474232455642027e+00 1.34145741977817479e-01 1.12457647772008271e-01 -1.58937163569248495e-02 7.81802359322935625e-01 -2.15327765461799575e-01
4.31733148235955919e-02 2.16530276658369436e-01 1.39717708338410129e+00 -4.50037854223268932e-02 -5.68978687650555259e-01 3.93707657315588599e-01 4.29267595865864549e-02
1.96961324050232145e-02 -8.73290165119076311e-01 -1.06994323445528372e+00 -1.42642333077103639e-01 5.06604629553008112e-01 -4.83760154973024492e-01 4.15566710571467435e-01
5.13795750449831876e-02 5.85064040933137353e-01 6.54341325276728947e-01 2.40429844012219063e-01 -8.37580629385326181e-01 5.25310817495613369e-01 1.59437254543120827e-01
3.91367568831465854e-02 5.70425533547677555e-01 7.88416972777744363e-01 1.75024550328358480e-01 -4.28038571796979905e-01 6.27043154281516135e-01 -4.29534654577558683e-01
8.62269755447629543e-02 6.86758730704935094e-01 -6.97695564400161450e-01 7.80724629644832663e-02 5.56070455115809770e-01 6.58402144072986251e-01 -5.41229650130744311e-01
4.70939654666639035e-03 -9.74079634999886701e-01 -4.34360153852970221e-01 -1.31237825593099322e-01 1.12542793777538508e-01 -9.46770843326845468e-01 4.42297085813449786e-02
3.45988844647846905e-01 3.35585946017428915e-01 -1.18916347817667378e+00 -5.85996358958902230e-01 8.20491208506054170e-01 7.35190184070645542e-02 6.61992667786475836e-02
1.64751894387763962e-03 -8.53345765708974913e-01 5.11636097335161424e-02 -3.44933663443501959e-01 3.77268969939883680e-01 -8.96510466920444227e-01 5.53353520346170410e-03
2.84791311734776342e-01 -7.36667156541472523e-01 4.46666940096649312e-01 1.25700399827645776e-01 -4.38288306690646834e-01 -7.14839598944657983e-01 -4.19139988639483763e-01
9.19921807043492037e-03 9.34561428746948142e-01 -7.57799777545608788e-01 4.22164919232147939e-01 5.96380876180909070e-01 4.73625256819116602e-01 -2.86887852762536012e-02
5.83494412190084782e-03 2.18305964598963120e-01 -7.09559717171884596e-01 -3.84222652815657609e-02 1.00142667370958294e+00 5.13831104186614707e-01 -1.37411764053375962e-01
5.80970846817612224e-03 -4.57854870046224161e-01 -7.47355890048641336e-01 5.90392046346322821e-02 8.34445918201065617e-01 -8.01732580702764541e-01 -2.54864531318055143e-01
dt_snap         1.0
