# MTR input generated by make_mtr_input_simple.py
# source IC : initial_conditions/INIT_moon.dat  (first 975 particles)
# units     : G=GNEWT; time/length/velocity NUMBERS equal problem
#             units (1 Roche orbit = 2*pi, Roche radius = 1);
#             only masses are rescaled: m = m_problem/GNEWT
#             (Earth = 3379.3806817705)
# dt(problem)=0.2  tmax(problem)=18.8496  rhill(problem)=0.059498

n_bodies        976
timestep        2.00000000000000011e-01
tmax            1.88495559215387587e+01
output_interval 1
rmax            3.00000000000000000e+00
rsub            2.00000000000000000e+00
hsub            3
levtot          30
flag            1
rhill           5.94979588139651835e-02

# mass x y z vx vy vz   (all numbers = problem units except mass = /GNEWT)
3.37938068177053538e+03 -2.06783443628669975e-04 -7.78165502563214935e-05 7.62072817638120324e-06 2.24884219113407864e-03 9.08507109143707873e-04 -6.79117529855312861e-04
1.92776064310510413e-02 -9.59814659587134078e-01 4.73581549895569942e-01 2.16430842851426886e-01 -4.30635635487773727e-01 -8.52655310979306913e-01 -3.58413906564551549e-02
1.17670954570114009e-02 -3.09342638379515200e-01 -6.89202272375538660e-01 -2.81291437675560601e-03 1.18897444930748386e+00 -1.84418143540979990e-01 2.95729132719236287e-01
1.30662172546244012e-03 9.51214991004918575e-01 3.95055562821766237e-01 -1.52805991656530915e-01 -5.41338475816105502e-01 7.74572126489187052e-01 2.87412522076595844e-01
8.68503999193344534e-01 4.73786763543619316e-01 1.85923238606345270e-01 2.33392806859091084e-01 -4.91754100067865130e-01 1.40351142234947379e+00 4.26753067524899277e-01
3.49525088312938395e-03 7.18679354235066903e-01 9.97292220347710479e-01 2.94162545821551102e-01 -7.53871949113159467e-01 4.22813616737778286e-01 5.28746523879882746e-02
9.56167522981454798e-03 -8.02221618571697270e-01 9.85552625062369181e-01 -3.68619408508217283e-02 -3.46991813029733309e-01 -7.18155556270297590e-01 -1.67820379358305516e-02
7.50445351201734726e-03 -1.15712973379302553e+00 -1.49942600931622511e-01 -2.01387256807050913e-01 5.21494263623219628e-02 -8.79092675634869813e-01 -1.90695869984053218e-01
2.65505065800829103e-03 3.35280249558112309e-01 -3.47637041656666534e-01 -4.99667421377146120e-02 1.35233534847934189e+00 9.10337386760704526e-01 -2.39287794627487810e-01
5.70610700893732573e-02 6.25973871856285724e-01 6.53525414959554407e-01 5.74924410929509022e-02 -8.03229212425016992e-01 3.94863081768695612e-01 3.10134660827557640e-01
1.89027462320255808e-02 9.15341755866168394e-01 5.56056810307772459e-02 1.11066257358607319e-02 -1.56823842706275224e-01 8.22768260560241993e-01 -3.08030622058095116e-01
5.54872040022046042e-01 -6.46699675671801422e-01 1.52008203939660691e-01 1.23374967645446879e-01 -9.99250716069146200e-02 -1.18944291588635331e+00 4.69809459104258587e-01
1.19477100545364503e-02 3.24456477796299325e-01 -1.26514516667732435e+00 6.11486748582892869e-01 6.61483947791685956e-01 7.07368543369606140e-02 2.22590696627972096e-01
6.97863960342950604e-03 -8.56200847405122256e-01 1.17393423669737373e-01 -5.65578240390976816e-01 -4.42490737329948536e-01 -9.54042990883253839e-01 8.02899014483219459e-02
7.62877614818350258e-01 -4.89178903739786952e-01 -1.08888540008471435e+00 9.97563282570160942e-02 7.08858698494008621e-01 -2.36709610392765307e-01 -1.81717412650033799e-01
1.10305730862912330e-03 6.55677440153015656e-01 5.01031566417099228e-01 2.43901091305618600e-01 -8.34587580747976565e-01 8.06004071423161883e-01 1.66229253386356579e-02
6.78849471974324437e-01 -6.61345953328445257e-01 8.46453549485310819e-01 -2.72027805643083820e-01 -6.04901507728416110e-01 -6.61109650943445870e-01 -2.65392041536169632e-01
2.55152590127028997e-03 -4.71462806448694094e-01 -5.78716777810914684e-01 2.62711678892438294e-02 8.82024008532489856e-01 -6.99533119627705591e-01 -5.21439881748058803e-02
4.92553071338965726e-02 1.04811841720334153e+00 7.94591805538479412e-01 -2.82622978171557307e-02 -5.13169962870403396e-01 6.18801928734841411e-01 -1.56578959623576597e-01
1.23006755529121584e-03 1.08989099859563043e+00 -4.35976235419341662e-01 -1.73435577474261193e-01 1.14885096975051879e-01 8.34285519188732727e-01 -3.28979310329665320e-01
5.04321864861103711e-02 -6.24104845698477684e-01 4.23280499904641228e-01 7.08838365443745927e-02 -7.27224106511442425e-01 -8.87685749672339153e-01 -8.05130425134370775e-02
1.48920345995538966e-01 3.18892602247608471e-03 -9.76360907947782519e-01 -8.86021038834799157e-02 1.01636734004958407e+00 -3.45232680244065421e-02 1.53128993889461891e-02
6.17965641317975468e-03 8.74186922466876126e-01 6.57616763062430887e-01 2.64667442523420615e-01 -4.62920763498844645e-01 7.81630419587335812e-01 2.21496177029596591e-01
3.27564054630194793e-02 -1.29278500375478855e+00 -7.34482480294502471e-01 -8.14485087323706808e-02 2.88119905401926057e-01 -5.30209587202305599e-01 -7.95899739948913304e-02
7.12812784644603209e-02 -1.12343954925670664e+00 -8.78564740871414923e-02 -4.02540325014370592e-01 -6.76683047148859962e-02 -6.59795414256373447e-01 4.74402882052236741e-01
1.86204592517830364e-01 -1.33125411769358076e-01 1.03682791039976352e+00 -5.45325623136468582e-02 -9.77007195411281781e-01 6.45528680310036157e-02 5.88881218701521950e-02
1.95998955354995091e-01 -4.46453838680273996e-01 6.75259799961691498e-01 3.01749593126990900e-01 -7.24327683288254476e-01 -6.06772467000126103e-01 2.16246727688926998e-01
6.43296230547323544e-01 -5.66880209794212608e-01 -4.35304042499269128e-01 -2.55619075375757399e-01 6.90987441603539310e-01 -9.45748728795132165e-01 2.25726788820831581e-01
1.19080819390542428e-03 -3.61161233046148888e-01 4.50718647611245637e-01 2.09991549079141304e-01 -8.94618287140387713e-01 -8.40642521591557168e-01 -7.12367936044993821e-01
9.09255050956892241e-02 -3.45466478518116404e-01 5.68949902020458032e-01 -2.18825575210861711e-01 -1.00132563965738108e+00 -8.34590288927128832e-01 1.64241080733694589e-01
1.65429872182472383e-02 -5.24176293990558650e-01 -9.49807838404788107e-01 -2.93167513561952801e-02 8.85149791644323058e-01 -5.10073721174350680e-01 -1.25763217420614998e-01
7.54914433813618002e-01 -7.73026464372314898e-02 1.14699090530649461e+00 -7.48424429759935311e-02 -9.22588522750944495e-01 -8.99902990139547915e-02 1.26856520509110893e-01
1.17003015117194895e-02 1.17290134342267843e-01 1.55289260348775260e+00 5.18574836116491800e-01 -5.88383222059988831e-01 1.60506252934974891e-01 -2.14721226884078215e-01
4.71007197297608968e-02 5.90981174154974975e-01 1.19586239276296968e+00 -1.78746502158072917e-01 -7.20194878951184614e-01 2.48074271675744806e-01 -1.78149662523614916e-01
2.16279891179679620e-02 -1.10259289625180346e+00 4.98908964898502616e-02 -3.11443404448050520e-01 4.83903469556034097e-02 -8.34817392275660874e-01 4.20062070419300881e-01
7.41447877957719520e-02 4.00287362600030505e-01 -3.68569648639535064e-01 -4.72912850228700624e-02 9.39010870482426263e-01 1.06332325515908277e+00 5.22017343331665495e-01
1.45790101950346931e-02 -1.31498854526280251e+00 -6.84188232557512599e-01 7.41050018774329095e-03 1.10652695726226588e-01 -6.74981544769520325e-01 3.13984116032947458e-01
6.22998666955130870e-02 1.37272931256566033e+00 -9.65927169184337270e-02 5.65290389534278570e-01 2.87317921146238497e-01 6.04144032733979763e-01 3.18528221292970898e-02
1.11263692254437510e-01 -3.42425802298059356e-01 1.03406409000219357e+00 -1.61756644583855219e-01 -7.58352981448236707e-01 -3.50560774974128186e-01 1.82169902954126606e-01
2.11217018488401576e-02 -1.24818574895572865e+00 3.86283429659993460e-01 3.35060930715269933e-02 6.67214504452175866e-02 -8.53740413631064676e-01 1.17694112097312287e-01
4.72043434025222974e-01 -1.17341564924889563e+00 -1.14264701862888951e+00 2.28868157084727492e-01 4.48951484762973307e-01 -4.30821723131286527e-01 -8.53398126858106454e-02
2.75721319015042376e-01 5.95492019640138870e-01 -1.23970256391661549e+00 1.27658464314794301e-01 5.91697107394150712e-01 2.54631146767332506e-01 1.83348413371904606e-01
1.15359620661500441e-02 5.73966251986606113e-01 -4.04915403000052632e-01 -3.33111601483089895e-02 4.56039863881616159e-01 1.12127918544095762e+00 1.13061256217189279e-01
4.55902559386041184e-01 7.41862546176734083e-01 8.29943671550040674e-01 -1.37831367297061302e-01 -4.67560568764971540e-01 7.88239667254366339e-01 -9.68071875417301636e-02
6.47921962975267079e-02 -9.95591632916375535e-02 -9.15827278016426161e-01 8.11842549595264973e-02 6.70221956973742428e-01 -6.33402499219475668e-01 -3.70640385572365949e-01
3.40988401861756982e-02 7.56481154222893748e-01 -9.86887993477888692e-01 3.49428259639056500e-03 6.01372802259061645e-01 5.64048498929944686e-01 1.48566196036004183e-01
5.43232210469026758e-03 -2.72179564974434185e-01 8.92674334129659686e-01 2.05541893443748985e-01 -7.89140939089959748e-01 -3.29186861863813407e-01 1.27480802842359991e-01
9.91742982985551191e-02 -2.99474660943711057e-01 3.53492578226831056e-01 -6.63189185916820551e-02 -1.42495894047881411e+00 -9.54680692467341219e-01 1.32129508779991384e-01
1.01642297831104570e-02 -1.16276094338700253e+00 8.05212198945604168e-02 -2.48569897607307994e-01 3.97463404882963001e-01 -8.25990483305534262e-01 -8.02166158742804447e-02
3.94760260537999563e-01 -4.81756049874838554e-01 2.95324803542861593e-02 -1.29340035746379700e-01 -3.92116617383928723e-01 -1.53893032475406932e+00 3.64747023273504445e-01
2.21158328589925096e-01 -2.42465584783779775e-01 -1.04694125073817634e+00 9.82856505248154988e-02 9.64675174206126362e-01 -2.40801882012352912e-02 1.35181862282188592e-01
1.29611279318465086e-03 4.47370533844811624e-01 -8.53004671472334386e-01 1.41431053215767127e-02 6.11846695358034043e-01 6.39834153093984170e-01 -5.31105867351035627e-02
1.27883207834533830e-01 -8.27144264336659663e-01 -1.00098989265507227e-01 -5.00204379191661122e-02 -1.26373150164552112e-01 -9.99481957618271410e-01 -3.29761734859577160e-01
6.61464203991899216e-03 -1.00895881897086248e+00 4.40767561679697661e-01 -4.05828826227320194e-02 -1.37156384031992817e-01 -9.43694242782752490e-01 7.61865074435263689e-02
8.43298329334841480e-03 -5.46777986888958734e-01 -6.40921999144402066e-01 4.18298054758598603e-01 6.53039788359271567e-01 -5.45336149154937555e-01 -2.14978427492592619e-02
4.53777032094729443e-02 7.78494910700249676e-01 1.91984233257255971e-01 4.33216764268335580e-02 -6.09649948862112101e-01 1.15150335306483376e+00 -5.48988752942108013e-02
4.99212324235916334e-03 -7.94271146861653232e-01 -8.72383153624916169e-02 1.12557109644351477e-01 1.95520712810843184e-01 -1.08040642312006230e+00 -2.49052297778407594e-01
1.33164537109761838e-01 7.25146784384396503e-01 -1.05547314842019047e+00 3.18173035387117609e-01 5.80172237286095571e-01 4.36504262229103990e-01 -3.21470116232193737e-01
2.91243499943450064e-03 -5.60897928084507558e-01 -4.18860270355790154e-01 4.89690206014771201e-02 7.27144515041661887e-01 -9.78844726851774594e-01 6.71288048821694072e-02
1.98871037572390857e-01 -1.07919430741470768e+00 6.19398705064874711e-01 -6.89397623014145755e-02 -3.72047598205979435e-01 -5.60879539430733098e-01 1.74074132848432095e-01
2.77636858569802636e-01 -1.22718443333669658e+00 4.45766454519377742e-01 -7.55277023649586626e-02 -3.98398503954300875e-02 -6.42539815024098737e-01 -9.75572905975968796e-03
1.16166225777744993e-03 -6.39666111549594851e-01 -5.00113135704862710e-01 -5.15197939812714556e-01 7.06784870911681296e-01 -7.33864722810895764e-01 -1.43575558033427919e-01
2.95570978195998108e-03 -7.34925044782673176e-01 -2.78896169913832759e-01 -2.22597270382531298e-01 5.62054227024965880e-01 -9.02721905304482375e-01 -1.52599850119504110e-01
1.69585346400813186e-01 1.15102260532541134e+00 2.15378504147913985e-01 -1.68987630669546002e-01 -3.67894157690334900e-01 8.50574489643320164e-01 1.31698134975443804e-01
2.98101537294870019e-03 1.03599507924904841e-01 -1.15664689337603344e+00 -2.38334299434727392e-01 6.81926236602066638e-01 1.05018692268431413e-01 3.66844893323047677e-02
9.49266443747119257e-03 -9.57605093458423595e-01 -1.12853380514305515e-02 -1.63513875167208382e-02 -5.57068668404055792e-02 -1.09099569922306827e+00 2.82196197387948489e-01
1.52975924433059046e-01 -7.18888882318265005e-02 -1.26294061788596834e+00 1.92780259563697987e-01 8.33595912111242066e-01 -6.19188963830128863e-02 -2.13065883863172018e-01
1.27253782415314820e-01 1.10654160788481937e+00 -1.39000892997476116e-01 -4.08825513456090930e-02 3.35813731565522466e-01 7.61922892862265888e-01 1.47923165373569199e-01
3.85291910644751726e-02 3.04549420584195929e-01 9.01939581833181125e-01 -1.53846572652739294e-01 -1.09124883964561703e+00 2.34753757383436790e-01 1.14185400120014879e-01
3.68958008211444644e-01 1.41548791949115321e-01 -1.16368307155439732e+00 -3.14078653552531187e-02 9.43811984574259411e-01 -3.85806863433353561e-02 -9.70509024251145352e-02
7.16588082754554268e-02 -1.25166304912797566e+00 1.98569644277014179e-01 -1.93554223562665217e-01 -2.26499485595065475e-03 -6.72479943023971960e-01 2.96115690974880393e-02
1.20489690019692161e-02 2.42500034511426189e-02 6.44092907857085395e-01 -2.37864952649656208e-01 -1.21040323958753304e+00 2.35200062457971398e-01 -7.94063275977099081e-02
5.57358527379947163e-02 -1.59761383137529767e+00 8.48337505332909747e-01 1.99444455853821895e-01 -1.66534399192667826e-01 -5.16603908325056649e-01 -1.79563482462477497e-01
1.35290116689596720e-03 -6.71705534432590845e-01 -1.81729832229080818e-01 1.61805037351415382e-01 2.56884109060494359e-01 -1.16406388497614932e+00 1.72971479874418604e-01
8.96086369422077866e-01 2.57016266999934406e-01 5.73356800647491394e-01 -1.96639184884773201e-02 -1.25856313960482313e+00 6.71515069887663962e-01 -5.03696859159116661e-01
1.23881185298906869e-02 -4.16599589094831468e-01 -3.86961473062786276e-01 1.33315347038202886e-01 1.02389613019403503e+00 -1.12932260779456728e+00 2.25485439178242708e-01
2.66416088124554230e-02 -4.48425188185995971e-01 -4.96394228058443132e-01 -4.93688692860776226e-02 7.41280268886521654e-01 -1.00295247200162141e+00 3.25324317276650954e-01
1.26687127591121611e-03 7.14485217881202339e-01 -1.17501553548292836e+00 4.50749488299145781e-02 5.86577572519001333e-01 2.76383876564263609e-01 1.40977329793909173e-02
6.00279007281402599e-01 -5.30979218437872991e-01 9.14664768131249750e-01 4.79673006544120289e-02 -7.97760162575804288e-01 -4.71438524915382517e-01 -2.60246821385520632e-01
1.13522609917053402e-01 3.81565411848586333e-01 -7.94766565689516313e-01 2.25615994320168906e-01 8.61116734910053028e-01 6.65546029207028655e-01 1.39811984980714787e-01
4.16005960730040855e-03 -8.11608872186718955e-01 -8.43701309817507128e-01 4.87780070899811180e-01 5.37829764162883972e-01 -6.09066025851032866e-01 1.36483639280827296e-01
4.73224050279444017e-03 3.04923944119292710e-02 1.12048336179351060e+00 -3.36470018870347514e-03 -8.49089064514870095e-01 2.17849879004213598e-01 -3.52640764937820705e-01
4.27396405868044754e-03 -7.48307071917230338e-01 -5.08609539372716982e-02 2.45712439736203610e-02 3.47068846125403008e-01 -1.11060410837723933e+00 -6.04487128020768441e-02
1.88614760639193137e-03 -5.85836534986387658e-01 -5.91508865468849176e-01 -2.52204385651844720e-01 4.62262378799193185e-01 -8.37597819105867281e-01 3.83086032281610145e-01
3.45580507690441296e-01 -4.42871755905646869e-01 -2.66562846147318303e-02 3.43017545144432071e-02 5.21758490984227996e-01 -1.65847621334944528e+00 6.17362613174764596e-01
3.26203071838891950e-03 4.65183989888189819e-01 6.09354951585453941e-01 -6.49460556429914547e-04 -6.86489709065212006e-01 8.95539862716455248e-01 2.70061384573606178e-01
9.24004376751013379e-02 1.16811959863975945e+00 -3.26944150736378725e-01 3.93698685923822678e-01 1.38383715777156580e-01 8.08369654044062358e-01 4.32793857118214872e-02
8.32595295059075473e-03 -1.08887531988617159e+00 1.11561460160128481e-01 -2.68858943915533721e-01 4.57024810593636199e-01 -8.08008317017961053e-01 7.22130666159680884e-02
4.08072328263385433e-03 3.04795681755923142e-01 -1.02604743102901641e+00 -6.62482903790840155e-02 8.20571903373042422e-01 2.69639557758457216e-01 6.63859717447476544e-02
3.28349147540738170e-02 4.44079352668005412e-01 7.18338199094509022e-01 -6.64638008935924673e-02 -8.00012177492968157e-01 6.30480237280278355e-01 -6.45970184784581819e-02
2.28130357739837926e-03 1.96083696543659730e-01 -8.78417180598938807e-01 -4.72992996705125401e-01 8.37846083471149639e-01 4.02817182556846010e-01 -4.80250422326034210e-01
2.48505476696852912e-01 7.66030853702229342e-01 8.22966430352550238e-02 -2.36772765896310716e-01 2.78229978156086855e-01 1.05320371752086261e+00 1.63328684956879494e-01
2.04915704441148844e-01 -1.10180494348544666e+00 4.94273703405062048e-01 3.23569436805151378e-01 -3.51245671934187098e-01 -6.75202708571168597e-01 -3.24254944932672040e-01
1.75246160513405809e-02 3.71044206747843719e-01 5.58394388198312441e-01 -3.96397361335563914e-01 -9.02837475034685588e-01 6.42751612614912871e-01 6.64968120661211248e-01
4.05208371353576013e-01 5.60290153303875771e-01 -9.92806859021046928e-01 1.42104569290663396e-01 5.70283289723107267e-01 6.61203128902838277e-01 2.68394653784274073e-01
1.93134585984744339e-01 -6.44590923286653350e-01 -5.26482525817365543e-01 -1.99271379877541593e-01 9.16149341694448949e-01 -6.72266526013368781e-01 -2.68705975665105457e-01
5.64851410704677540e-03 6.80208343230657431e-02 -7.91775955528736697e-01 -1.11478019543267221e-01 1.06979222947742891e+00 -9.72742452312613387e-02 1.31685223918154404e-01
2.81223212362637824e-03 -5.61816638304101890e-01 -5.39978416071923095e-01 1.43981960043888607e-01 1.03576086519457089e+00 -5.09441791891247164e-01 4.63333554029640646e-02
2.05603999327968329e-02 -6.52914274058561395e-01 9.06588106088941248e-01 -1.28966224047922795e-01 -5.29771944783168136e-01 -5.72582291171093050e-01 1.13921641462190776e-01
4.63520044449146518e-01 -3.97478782313116577e-02 1.27733588243186857e+00 -2.01162125015670518e-01 -6.58437958560490033e-01 4.85186466716309231e-02 -1.56627009904382414e-01
5.77993642308332389e-01 -6.96195709380919903e-01 -3.44340427163664434e-03 3.46846789578309205e-03 -3.64035265787966800e-01 -1.27139158997546731e+00 3.71617787949613143e-01
5.67288409059215487e-02 -2.22464275061047267e-01 -1.42003021063367241e+00 -1.58909367808803603e-01 7.58085920117025913e-01 6.47982068973985692e-02 1.03141663546666179e-01
4.51616620561200791e-02 5.53612534334475215e-01 6.85171148638890504e-01 3.22711762948470371e-01 -7.53815610284013449e-01 7.79098516950171849e-01 3.99697520685766194e-01
1.00086530863045860e-02 -1.05995350558391666e+00 -4.38809232398217564e-01 -5.21879934741967477e-01 3.59816101017686185e-01 -8.05514280526362980e-01 -1.17588485742755613e-01
2.76729624841546840e-01 1.51361543431644624e-01 7.53068399227767693e-01 4.22023008254807819e-01 -1.04192158323824402e+00 2.26963821990270903e-01 -2.79229556526213507e-01
1.94859315537363360e-02 -1.14557095436615763e+00 -1.27723058464502132e-01 2.96876934025802675e-01 -1.10648159561915316e-01 -8.52472643209983949e-01 -6.24623835505705924e-02
2.20986510277127682e-03 5.07439059931085290e-01 -5.45851909137878843e-01 2.80090158020720792e-01 8.31483184862419900e-01 7.08703810458316763e-01 -1.29816945558707597e-01
2.56714390245320612e-01 9.44828921032233315e-02 1.36704911208238866e+00 -1.85408958464956003e-01 -6.50273854306730459e-01 2.53060200743923880e-01 -1.68720904157860618e-01
3.56287803510321526e-03 -9.69258270855385545e-02 7.15543473249408479e-01 1.72777031841469003e-01 -1.24050389950749307e+00 -1.76362331770646613e-01 -9.25158886501469685e-02
8.76809957000040247e-02 -1.20553611785685266e+00 -1.39083751132223515e-01 4.17210203718351713e-01 -2.29367886482996705e-02 -6.51370204005893738e-01 1.09056049020853883e-02
1.27796981878247149e-02 -8.07279347431618999e-01 -8.23157861941877567e-01 -2.00882712712204009e-01 5.59748444279371871e-01 -4.78182595391611509e-01 6.62043541915203620e-02
3.14594822478040312e-02 1.71352903841831550e+00 -3.98087571487781622e-01 1.87568250901133687e-01 1.95275682021449071e-01 5.00151068846701352e-01 -5.15904176223803343e-02
6.30364884206245368e-01 -3.42145853665339283e-01 -1.02558390648270747e+00 7.53983521075989593e-02 6.69515751362397715e-01 -3.54035018080984920e-01 -2.69804705150580248e-01
7.07021744881801473e-01 8.64528728261994894e-01 5.88145440190504742e-01 -1.56260014669714620e-01 -7.01004310715966805e-01 4.89994961187040279e-01 4.74422712837860999e-02
1.35490849746928321e-01 1.06773801863382234e+00 4.58808831873307232e-01 -3.81891611938176112e-01 -1.89803402562222806e-01 8.07864365189433054e-01 1.16686030676877980e-01
1.25866695467641027e-02 -6.48229575508741052e-01 -1.88893393174380808e-01 -1.10865284676268216e-01 -1.42770146602750031e-01 -1.19214144705085534e+00 3.17167072991360988e-01
3.03617983985948053e-03 -1.10959010982406059e+00 9.00974636583572575e-01 -9.53499005230416530e-02 -3.78159917103967402e-01 -4.52751208584989628e-01 8.07490239899668200e-02
3.30004154144433477e-03 3.24967969407398416e-01 -9.46812152856287392e-01 7.28102153358333067e-03 7.43817016483595217e-01 3.57869777239912812e-01 4.05373871479950854e-01
2.95381931640639707e-03 -7.66464922984900321e-01 4.62210944930291912e-02 -3.57897491339144724e-01 -3.26901331823729491e-01 -1.09328487235854133e+00 1.16112960564659584e-01
2.79094150280944676e-02 -6.87631930260307556e-01 1.80410761032999067e+00 5.75982165348187247e-01 -3.80407983109344539e-01 -2.58332282953224079e-01 5.74176596011905099e-02
2.75413109394699283e-02 2.40866180261048335e-01 6.25701015911403924e-01 1.23538583170151775e-01 -1.18523686818115204e+00 2.67178449312476696e-01 -5.97302318732811144e-01
1.69124702534613654e-03 8.81345367334931962e-01 1.02624671981464055e+00 -2.12430132179183107e-01 -6.56189353803597442e-01 5.03862210838443514e-01 -2.28540477172555628e-02
1.50648491601027522e-03 -3.04851398118484891e-02 7.96215387319020196e-01 -1.63198872484854401e-01 -1.06153450594169008e+00 -2.02185091427991223e-02 -3.59717900417857839e-01
1.88365595327046664e-01 8.42642334015825334e-01 7.73366753039672061e-01 -1.78505128793348705e-01 -6.45224185779118553e-01 3.66422589186716885e-01 -1.32774390453382712e-01
1.21886779633653634e-02 6.33990043176680840e-01 -7.14768680592885008e-01 1.39412202587978901e-01 7.78509906693293230e-01 4.57768448338634504e-01 -1.43179739027655600e-01
2.27623708885972165e-01 -1.53411688123392287e-01 5.34600303160319035e-01 3.83523280978757680e-02 -1.56163498360006492e+00 -5.32207917762936040e-03 3.55665741934358848e-01
7.69568671468192966e-01 -5.70446569943205084e-01 -4.59751001325385267e-01 -2.22222886632316319e-01 7.25667359127823985e-01 -6.21078642209858645e-01 -8.31611575238735856e-01
5.59131954497986000e-02 8.06954121562336812e-01 -3.66769480514521462e-01 2.48985179362517489e-01 -6.68541447940170785e-02 8.38591454593497154e-01 4.32743676607894645e-01
2.32484147835582106e-01 5.91800827384221018e-01 8.71601219630215196e-01 -1.41478850742764617e-01 -8.58023727845112938e-01 2.94125482201885891e-01 5.84576964429019477e-02
2.91760220568127587e-02 4.51406404400901906e-01 -4.06468393374538273e-01 2.95036458242807186e-02 1.32085743637729203e+00 5.80592513425644996e-01 -3.63069673116943437e-01
1.94265417863893862e-02 -2.44233050316202266e-01 -7.24617794809106486e-01 -2.21171934655204599e-01 1.04050170926674301e+00 -1.68606522436344691e-01 1.53007259619454480e-02
3.41809562733741412e-02 -9.90708814854354025e-01 4.71022836484004337e-01 2.06656789923334513e-02 -5.20578683349560589e-01 -8.09912841595320843e-01 9.57216797073600911e-02
2.17429602486769374e-01 -7.48144772087524612e-01 5.49116355633865405e-01 1.45604736580690319e-04 -4.70806047939802741e-01 -8.57095884567541821e-01 4.20303813989997901e-02
1.76499019388752054e-03 -5.93510773073877784e-01 5.05753830736541343e-01 -9.17884748656317279e-02 -7.53552693967349807e-01 -8.21468725003891564e-01 -1.72917417096427814e-02
5.10179587308222035e-02 5.22223661760242819e-01 6.16833634681370202e-01 3.09105379474252706e-01 -6.61909011256668234e-01 1.02506671788479164e+00 2.19550282341025305e-01
2.85762979496196230e-02 1.15791152690423838e+00 -6.38007056901368941e-01 2.57545273038029321e-01 3.63222466769998475e-01 4.41668952294356709e-01 -9.70388760721153237e-02
4.62477132091501597e-01 -7.04908411218653108e-01 5.58431067563096128e-01 -1.60748318494713494e-01 -4.96646771735965109e-01 -8.35491276483271594e-01 1.40818800102285507e-01
2.89979264397388636e-03 -1.07108127581152868e+00 2.26877469616938582e-01 9.46050379685040854e-02 -8.91638971247962625e-02 -6.72861940663954883e-01 1.00375157442737076e-01
1.82834746413432507e-03 -1.08872966319135470e-01 1.75693840987589156e+00 -1.23692360565739318e-01 -4.67700452619087326e-01 2.08305210504029892e-01 1.93987743194928508e-01
4.98871883572493124e-02 -1.35891716541614649e+00 2.34836704029112775e-01 4.08444148037673815e-01 -2.03744737584496932e-01 -7.26973059262074783e-01 1.91605454015725402e-01
5.05206721256759139e-01 -7.15107648259043716e-01 -1.22543861386504638e+00 1.08916151637084485e-01 4.50955909994861182e-01 -5.30993932811799629e-01 -1.56737787472280010e-01
1.39741399672434923e-03 -5.42827173930224061e-01 4.55807820099919825e-01 -1.26773509364093512e-01 -9.60999505602241788e-01 -9.18146900588046377e-01 -2.75781600983130148e-01
2.74388843554201596e-03 -3.08027216013177563e-01 -8.75397062071803123e-01 3.95107110292169522e-02 9.21611489396518491e-01 -1.93390352761504708e-01 5.57334863939198608e-02
2.14315647025191611e-02 -1.30633550519835967e-01 1.11288519467551050e+00 2.88748812214278013e-02 -8.97889212280606586e-01 -3.55809098545758429e-01 -3.83789107002706006e-02
7.75022256677022847e-01 -5.02454221678438562e-01 3.61541772057762667e-01 -7.05241034092384238e-03 -8.98378444316076163e-01 -1.01049985097186923e+00 1.13649703736906776e-01
2.84003017289470652e-02 6.44870256756466032e-01 -4.69764239692220642e-01 -3.09517550992143231e-01 8.99965898847878032e-01 4.48451535685436720e-01 9.32603687875649956e-02
7.78768614492515110e-01 -2.26833490611924982e-01 -1.45081872224345343e+00 7.53761410267714260e-01 5.41730413525714938e-01 -2.75151898504782111e-01 -2.19964199212120792e-01
5.51354605816761680e-03 1.16194177926051134e+00 1.16988438532213568e+00 1.44922078292421597e-01 -5.25614635043872847e-01 3.63462231539098679e-01 -1.25433664112270023e-02
1.70259672218584263e-01 6.47973327941403054e-01 -2.94017696490971647e-01 -2.31892501767215292e-01 2.23455144371828368e-01 1.09578895377126373e+00 4.49900612299009794e-01
7.74505851753811703e-02 -6.19583108832601592e-01 5.33112294365285622e-01 -1.47596135282611375e-02 -8.31163156989932150e-01 -8.16376573879639689e-01 -2.37504616740831814e-01
5.30813920876226919e-01 -9.33926215473451338e-01 -5.68423841064191748e-01 3.47366237713196913e-01 4.38166867365205270e-01 -4.84722837647091620e-01 2.40794419628248796e-01
8.09936513011728365e-02 1.14715030635366544e+00 -1.36756461479380531e-01 3.24007648425498396e-01 3.64941554926747957e-01 7.77055047731363246e-01 -3.02702991854142123e-01
6.63642594100830735e-02 -5.73823565657609280e-01 4.20672606596297738e-01 -3.41422190593674568e-02 -6.93307916896340637e-01 -1.03120722816236721e+00 -1.66087985273552313e-01
1.17767304616259207e-02 -2.08023471514519775e-01 -6.64237683684100855e-01 -1.86709799626879419e-01 1.31691602392709606e+00 -1.29387543394864690e-01 -2.06558843833349909e-01
4.34534503865460706e-02 2.53826687821986030e-01 -1.04913663339949337e+00 7.88249733110891679e-03 7.04607453199462719e-01 3.02619523371363885e-01 -2.27818180779081718e-02
3.97702157620549224e-01 1.06401305302462634e+00 3.19565026147246578e-01 -5.89059996776186479e-01 -4.83566731941228012e-01 6.03016760344810332e-01 9.51128753323279980e-02
2.26479217536899730e-02 5.13749218265145191e-01 4.30100790541110417e-02 -3.09004542527241202e-02 -6.90265035066876947e-02 1.59579388737836969e+00 3.56351455211457099e-02
2.50071257551231114e-02 5.13497951820337861e-01 1.03503689822224954e+00 -2.25254661191976097e-01 -7.71452864797037341e-01 3.21050996020468715e-01 6.91257044766191153e-02
3.01353295052157084e-02 1.07860057533519038e+00 -3.19690983665226677e-02 2.79034338301465679e-01 -2.03019649044739431e-01 8.10141545796993712e-01 -1.14565184128673017e-01
7.75870649327583678e-02 -6.98775251783623097e-01 2.64096375437462061e-01 -7.89955288670733113e-02 -7.42428548918511844e-01 -7.66574222963438801e-01 -4.67987247219448232e-01
1.61170096053785059e-02 -5.30539448149834558e-01 3.30288799013732037e-01 -1.74214767327171505e-01 -1.03648821097140598e+00 -8.31988181086829148e-01 -3.73762333481250431e-01
2.39382353014791580e-03 1.50347642453120933e-01 -9.27120249181265454e-01 3.99131561201441720e-01 8.72650068928808254e-01 2.05106468091154903e-01 1.63127215885869287e-01
1.98842007519061791e-03 -7.32918663986330543e-01 5.02866876238677762e-01 9.85262136809171435e-02 -3.51075283722661335e-01 -9.25263803450171007e-01 -1.38507812532573799e-01
1.05964973659237825e-02 -1.07126156205669654e+00 -2.00724434404715518e-01 -4.06371272061723132e-01 -1.57003531795667228e-01 -8.99768101509683227e-01 1.88079365708481300e-01
4.19398552148939618e-02 9.42320301551171080e-01 -9.62511015880038734e-01 -1.56393391638863899e-01 4.42534680842850858e-01 5.65618302673663087e-01 3.74625706191393959e-01
5.39075934116097555e-01 9.65318739319520391e-01 -3.00924597835709240e-01 9.50947082104421915e-02 4.56115776987015165e-01 6.22643014130361716e-01 1.14324421245331986e-01
3.07690300113236739e-03 1.06244994360782052e+00 1.03427314659285563e+00 2.39205625080325286e-02 -4.64373672673297710e-01 3.12982871229960491e-01 -2.64019436167046539e-01
4.24116774032698776e-03 8.27744757174342372e-01 -7.39363768320029147e-01 -2.40806305498888797e-02 3.91645817202985969e-01 4.82697383210390185e-01 -5.68572975771312938e-01
3.55489027077877766e-03 5.50188211874574229e-01 1.19693958636554978e-01 4.10379743064027830e-02 -3.24735863546871228e-01 1.43216053969937263e+00 -1.48162271057005607e-01
6.66582589907992462e-01 4.62590901536600818e-01 -7.93661861407906732e-01 2.48026406477710987e-01 7.85325890239137236e-01 4.31306639888139609e-01 -2.97684964561599937e-02
1.96774016968703884e-02 -9.78334033720361096e-01 -5.57902988421137502e-01 -5.71007852230897631e-02 6.02766725695739081e-01 -4.44373948484505177e-01 1.70726876308007966e-02
1.25781063789613245e-02 5.50918559812758946e-01 -1.23110872186226250e+00 -9.22134314943990480e-02 7.93121770702435058e-01 2.47071319861647792e-01 1.07465432747547981e-01
1.08712692439426957e-03 -7.72317745186761218e-01 3.57434906973435329e-01 -2.99330654812606685e-02 -3.09701405842078004e-01 -9.91840391650650410e-01 -1.60051950245560098e-01
2.78920300146791346e-02 -9.43267948292091263e-01 -1.06497566833059443e+00 2.55030958862312918e-01 4.49481014992148875e-01 -5.65867963376847749e-01 -8.18716259103739880e-02
3.25559007421872895e-02 -5.63747046612834590e-01 6.56587956263268158e-01 8.27723964955295183e-02 -9.88837776749850850e-01 -1.98953421473516912e-01 2.40538433654960082e-01
2.44661133500307954e-03 -1.34471398049342450e+00 6.21268096960939653e-01 4.54110604267762508e-01 -1.02773553460029324e-01 -6.53645182061402985e-01 2.43935048406732566e-02
1.03919112184504038e-02 -9.66885420521494288e-01 -3.50780140873111823e-01 -2.70376497801454618e-01 3.64982809383588402e-01 -6.09205811618109494e-01 8.32070669150258568e-02
2.09108928412106571e-02 7.79871331360257436e-01 4.60693853776133644e-01 5.75131915479950868e-03 -6.24668875656799405e-01 8.09212787496945141e-01 1.82159704312392284e-01
7.56892619335416544e-02 9.10209257045068720e-01 -4.82037917276111449e-01 1.88539498422759993e-01 5.12118800135549446e-01 7.89333905596004359e-01 -2.94030934792382959e-01
3.88093163170772238e-03 -1.04706956293310749e+00 -1.36753929747507730e+00 9.62074480866956572e-01 3.34948586568071860e-01 -2.20040631359646410e-01 -8.58849152342169159e-02
3.04308643481676078e-01 1.08183963499147739e+00 4.68622040311290178e-01 -1.15792532678198626e-01 -1.08547911173229317e-01 7.29556766463532735e-01 2.92319792954714885e-01
7.02922793703826543e-02 1.00656499129287846e+00 -1.13543779706929637e+00 1.67616211429339884e-01 5.74949993115089431e-01 4.09876991311909911e-01 1.59625213635129687e-01
1.26139829639323048e-01 -7.52959145338012670e-01 2.24620723137104072e-01 1.43645245865238080e-01 -2.16423865044648528e-01 -1.14011147048058636e+00 2.04694137730553005e-01
1.26737545698969362e-01 -5.65000890793255106e-01 6.39538424535297745e-01 -2.26140042018349002e-01 -4.73375542037307029e-01 -1.02452364496806125e+00 -4.36138332521057090e-02
3.43805379626816159e-03 6.01076749205057714e-01 3.25525206796153724e-02 -4.66633658348012015e-01 5.06706690547521349e-02 1.18725090383534870e+00 4.08943608323513452e-02
4.63767084492080692e-03 -9.29623246412923598e-01 4.77527592759774078e-01 -1.65556617526387312e-01 -4.04964602742878599e-01 -8.05573017129573077e-01 1.65742489153472505e-01
4.40851234479551421e-02 -5.13506083488079579e-01 -1.02976241146071845e+00 -2.96926632297499701e-02 5.54414253899829679e-01 -4.90759575407414828e-01 2.62744370439386588e-01
7.47006019629797846e-02 -9.91640077277762683e-02 7.09618671969249548e-01 -4.93434313079436526e-01 -1.19061756062388002e+00 1.61551865067474487e-01 2.22018718738883708e-01
2.12895760118895494e-01 -5.90795705266588533e-01 7.16217361976170697e-01 -1.61588769998005005e-01 -8.13994279031979961e-01 -6.40929295002131805e-01 8.70701909204715518e-02
4.79896328109127995e-02 3.55530133850821717e-01 7.18983762295855588e-01 2.97238535226161671e-01 -1.15142408627568704e+00 7.26518566238975871e-02 3.61984471396136376e-01
2.13305738999057221e-01 -6.19443064884227582e-02 7.87903401289736127e-01 4.27742780687316082e-01 -1.02499554145911698e+00 4.11151516600919809e-01 1.27221596842388096e-01
1.76040757904201667e-03 -5.82892166698567138e-01 -4.63296606601796834e-01 -4.21577532679391076e-02 6.39519515192231824e-01 -6.70084508562083347e-01 -6.79734024878185572e-01
3.13804088669071210e-02 -2.88939710488477053e-01 -6.00893279785883805e-01 -1.22719970575571116e-01 1.17991104887186005e+00 -6.40169844404505528e-01 1.43605249337681682e-02
2.62150599466471970e-02 5.34184672625673151e-01 -5.73651626011036142e-01 2.46710948776218991e-01 6.20608636740192399e-01 8.35669520625381801e-01 3.91881460835803885e-01
1.01836171089113581e-02 2.91258087550612721e-01 5.09903588729241797e-01 -3.56008255805889129e-01 -1.29980115818214204e+00 -1.88221875057734994e-01 -4.49133992734038114e-03
3.87333250274032106e-02 -3.62176122277485914e-03 9.32234178223565024e-01 -1.99470700123383693e-01 -8.96921352150458540e-01 -3.87152879367698211e-01 -6.71033840697762007e-02
1.08846961584046480e-02 4.33269004088852216e-01 4.35263543269929554e-01 -1.78882294588024598e-01 -1.02179048108700798e+00 8.49641953558696428e-01 -6.89987138827347635e-02
3.69471836482009605e-03 3.49455815994423435e-01 2.94090662462409835e-01 1.41044973713381983e-01 -1.12644977160115300e+00 1.10183522619889063e+00 9.25265916464769855e-01
9.37627991067871945e-03 8.98314123064866826e-02 -7.54299890131538420e-01 -1.59122881015932999e-01 1.09125934257106993e+00 -9.05153878975581139e-02 5.06985206803626451e-02
3.49142470467005001e-02 -8.28293865325074097e-01 -3.09615383168804659e-01 -3.62172895259130379e-01 4.87823949727299366e-01 -9.43973578249286405e-01 -7.54986757454185059e-02
1.51186942999825425e-02 5.27133545160296646e-01 6.41590748474089700e-01 1.25531697287741384e-01 -9.29073437680607017e-01 6.50191121887463752e-01 8.09268727565786161e-02
5.07743011504713793e-01 3.08113426665440615e-01 1.27088575254113967e+00 -3.38690962806350027e-01 -7.19405269790627799e-01 1.76044107582788184e-01 -3.49857618205069110e-01
3.26394972909678938e-03 -9.45423613792149453e-01 3.12002314534558067e-01 1.44231454816819898e-01 -2.58896204669685215e-01 -9.12979881319787467e-01 -8.03574784150302632e-03
4.50771549334854249e-01 -3.06674441063840564e-01 4.46891554588934925e-01 -3.01812452013936992e-02 -1.24214843416312504e+00 -9.50748850954949876e-01 5.13683806298538478e-02
1.15772662589854196e-03 -6.31015788599485372e-01 -2.72246260077657676e-01 -1.73059607323475494e-02 4.47737342502680657e-01 -1.21625674729344135e+00 -9.37231425408294044e-02
7.39556720535912947e-03 -8.39362378528997977e-01 -7.64373911169614173e-01 3.68534511125623923e-02 7.06358753772059145e-01 -5.27296427850424965e-01 1.57649895955794900e-01
3.32934613732369933e-02 3.20708216836977811e-01 -9.39398530091937634e-01 -1.73026690715554793e-01 8.53154797446087465e-01 5.41906687723507696e-01 -5.44562418222725303e-02
7.04811083401709948e-01 9.02018476632210908e-01 5.19119533299198910e-01 -6.22403223001555594e-01 -3.14916469156043100e-01 5.09195597762181706e-01 1.27340811608014498e-01
3.88915107302749505e-03 9.22590133034022930e-01 3.49289927258485566e-01 -2.52653042779075299e-01 -4.85115989569625095e-01 6.75220944985415850e-01 -4.30574872620044957e-01
3.06855855149747864e-02 5.22867477094272171e-01 9.89914402834334073e-01 -2.66058245407908393e-02 -8.08716925538043085e-01 4.83467184952089679e-01 -3.32970600634175218e-01
3.25203266283354345e-02 2.18276268195907619e-01 1.16586163291120570e+00 -1.94442953433851595e-01 -7.52387383051233982e-01 -1.09573426713004685e-01 1.04033979227822676e-01
1.00841072371056151e+00 5.04108525307846667e-01 9.60176686188241590e-02 -1.57440607813094692e-02 -7.52358278554773441e-01 1.40369691640176164e+00 2.76139700633768082e-01
5.00741291924752696e-01 -1.18425271043978153e+00 4.25074203181028731e-01 4.16614489283239214e-02 3.10906001012099878e-02 -5.71002965698411802e-01 2.57392547518589143e-01
3.22168147830926557e-03 -6.44562593657936445e-01 -4.42846948509761473e-01 -1.56674269737943385e-02 4.62046300005938604e-01 -9.63128053987967192e-01 3.52133849071178881e-02
2.36915844643703244e-01 5.35037520969756319e-01 4.25592999124645877e-01 -7.31786839114646204e-02 -8.94525336251664416e-01 8.64708455194013959e-01 2.27942467193333803e-01
1.98862562864833645e-03 -2.61273929632549695e-01 9.60837318831831766e-01 -3.48099784867446568e-02 -9.64327099279445821e-01 -3.69828370488609282e-01 -4.45518406358643999e-04
1.12031782973600145e-02 1.48499436791306227e-01 6.67877330529073832e-01 2.60110947880855981e-01 -1.06498742951810699e+00 -1.44296290660289400e-01 -4.09500047120920529e-01
5.32699074596601041e-01 8.70434274884310244e-01 -7.76376445963077977e-01 3.18611616022837385e-01 4.72275257561536488e-01 5.92460593484417375e-01 6.60262267879347942e-02
3.30667521130823761e-01 1.03655337053563043e-01 -1.13385118671691831e+00 -1.15591477273249615e-01 7.21059825392442511e-01 4.22883859189155276e-01 -9.22562812410703398e-02
6.50672085320783741e-03 9.99072467408703258e-01 7.19444642435047355e-01 1.20241069272629623e-02 -1.37720358196467101e-02 7.89811326640316391e-01 6.73900129288929339e-02
2.13569369543761128e-01 6.88625148927894282e-01 1.12007789973646266e+00 7.10632728155394106e-02 -5.42469523103299878e-01 4.60305585848489074e-01 7.64498673769745535e-02
1.97580767012068897e-03 4.28333389294780070e-02 -5.81865272713416259e-01 -6.80706123690239112e-02 1.46869298110386404e+00 2.97829249484478309e-01 1.75955276459682591e-01
1.67584855266863786e-01 -1.17767890164269162e+00 2.67772499904822658e-01 1.95269083183125497e-01 -1.87794347556289529e-02 -7.20196027378514181e-01 5.99443863952633174e-02
4.67702858648078146e-01 1.01235373516099547e+00 2.96494051676084835e-01 1.85685418578332706e-01 -4.64157362592855727e-01 5.51676749051662085e-01 3.53898264319570888e-01
3.66401073301941216e-01 3.52389407881878947e-01 4.12195763066795728e-01 1.25750645637306507e-01 -6.90860344134787807e-01 1.34838398043459162e+00 1.42236104680984993e-01
9.51083161347175632e-01 1.06930155571484442e+00 4.48036580551888164e-01 8.82647574549023789e-02 -1.48225470472164528e-01 8.43131577208257932e-01 -9.12718647315965970e-02
1.01024029350820013e-02 8.71169820123300354e-01 8.55850945981808886e-01 5.75049814457411324e-01 -5.75576924924326994e-01 4.05560379794779824e-01 5.40069935935075102e-02
1.69876664971839696e-02 -1.21449283484187665e+00 2.20990930796636474e-02 6.22783152439245757e-01 1.45729020043570578e-01 -8.05718738326665740e-01 9.32741612857097974e-02
5.53854960061836606e-03 -3.82144983269240457e-01 -4.91567309772315442e-01 -8.27213623650690094e-02 1.11657980654523903e+00 -5.80639300212827614e-01 5.62804972915524782e-01
2.97303345705866758e-02 -6.02654470440150747e-01 -1.32288934184492146e+00 1.88670829970586616e-02 7.50879069847336544e-01 -1.19827512417669493e-01 -7.66154680137953875e-02
5.23366181016740151e-01 -1.95151696456018986e-01 1.01956185194701954e+00 -3.45286521315873396e-01 -7.94820104302926156e-01 -1.02320431148044483e-01 -1.30677662113693915e-01
6.00235237511086671e-03 -1.70368598754064449e+00 -8.81946032887592879e-01 -1.30210733778785503e-01 3.44785349627308890e-01 -2.73495907455289511e-01 3.45480978434943506e-02
6.43244443365055367e-03 -1.12453960397836261e+00 5.42332071797313020e-01 -2.65020720549333684e-02 -2.40352115661160132e-01 -7.50121480413033059e-01 -1.56059907874321918e-01
4.75762752311437599e-03 -1.04312008694600666e+00 7.97704597726120901e-01 5.07458327997365233e-01 -6.25905430072152158e-01 -4.25141626709408416e-01 2.13867419895003907e-01
8.48885921822461198e-02 4.01711244228566411e-01 1.42148078215492868e+00 1.18655259518661974e-01 -6.30170007621579598e-01 8.06411921962716383e-02 -1.52683749464434304e-01
2.01937159238397721e-03 6.43428779484929936e-01 -1.86842428831020618e-01 -8.76075122922761462e-02 4.07300408740279896e-01 1.21298722994903674e+00 8.25243349808928300e-02
5.73670275205436907e-03 1.67792110908160930e-01 -5.97836597289568950e-01 -1.91653467547550610e-01 1.05124703427359401e+00 1.00005924482459752e+00 3.86647914723267483e-01
9.28699780261826521e-03 2.00629372925290622e-01 -1.21810908662052442e+00 5.78199757880337950e-01 7.42288791854551988e-01 -2.18669526914130607e-01 1.04270094739861777e-02
6.48099180606781077e-03 -6.35881455346347879e-01 3.51558716930813642e-01 -8.45010556836645610e-02 -6.97833961307435691e-01 -1.02370817967896022e+00 -1.67445723914408900e-01
2.31707275956926279e-01 -5.79005688676675234e-01 1.75083136919096577e-01 5.88939321090285323e-02 -5.50834675589258360e-01 -1.33532557047429123e+00 4.16014427168901357e-01
6.79639824886118626e-01 -1.19664489677174357e+00 -1.90259596619577614e-01 -1.13373199997343826e-01 3.43461446500612000e-01 -8.38263419928299669e-01 1.41488792283254589e-01
6.24868544436298513e-03 6.28423536794674331e-01 -8.60511700858182960e-01 5.55953952746337299e-01 6.70105328210012341e-01 1.58223923647945297e-01 -4.20197759329137260e-03
1.06571218183789429e+00 6.67554106037674511e-01 6.98415428895141632e-01 5.17242713844687715e-02 -8.29776283364302203e-01 5.31139335168417936e-01 3.25333688621045752e-02
9.04502908194712019e-02 -9.29915183984732718e-01 4.00512091490571043e-01 -3.18955436656717523e-02 -3.14838858954638035e-01 -8.26163072125326692e-01 -5.26973461493089101e-01
7.53101836028185687e-03 6.53749495172532002e-02 7.99947087869676277e-01 -1.09364557509500027e-01 -1.12736442959047700e+00 3.03327846058569217e-01 3.41693525179938840e-01
1.44417494558330838e-03 -3.19047032719206758e-01 -6.97028956439896819e-01 -1.85563266782929809e-01 1.01961684481781600e+00 -3.39002510750041230e-01 -1.17464471020186922e-02
4.13858253608296242e-02 -6.72297096519614334e-01 6.74607200301976073e-01 1.41963500417668587e-01 -6.00941100170062636e-01 -7.45043404261975684e-01 -9.51798798184138317e-02
2.31897717269267736e-02 9.41466539376243139e-01 -6.87607606816486916e-01 2.37584918580776405e-01 4.25096753513231673e-01 6.22934980529431082e-01 4.46159118709416380e-01
1.92170748834544769e-02 -1.27933457110762677e-01 -7.13059740050248192e-01 3.74787928924909697e-01 1.07606958626189897e+00 4.00716309271168469e-01 -2.82589319836226427e-01
7.61693758224828432e-01 -2.78111241522787489e-01 1.39370931411266863e+00 2.43834920355220808e-01 -6.17868763693125378e-01 -1.72295463288937606e-01 -1.04045419921897420e-01
4.33379859320278948e-01 1.18024475844124033e+00 6.11867759902200881e-01 -4.22273891825061670e-02 -6.39804664401302903e-01 4.91570267442351105e-01 -7.99236501566093493e-02
1.97754644633010949e-02 -7.93554419022510893e-01 -7.50807909500506576e-01 -2.07018025479010798e-01 7.91408933641911561e-01 -6.23364277476094686e-01 -8.27492589397808148e-02
1.17153660729252805e-03 9.31984444984741645e-01 -4.11863031666649837e-01 1.95245430900256089e-01 3.81007778837057054e-01 8.07497284390060299e-01 6.37317039132849206e-02
1.34837433962757616e-02 -4.00272204431960099e-01 -9.61947869969169811e-01 1.41850685426378992e-01 9.31228982705173847e-01 -5.08154406617821117e-02 2.03942206982558605e-01
6.13192233344889929e-03 -9.51692127525089693e-01 1.38446702860604853e+00 -2.36072562851885812e-02 -3.60867653498964824e-01 -3.25532277264298175e-01 -6.81407639852285151e-03
8.21741358049277310e-02 -9.36159178827028760e-02 6.26219783722347878e-01 5.71528703905521615e-02 -1.22200771677186792e+00 4.73536773538889177e-01 4.40196351906693373e-01
5.00798536459229685e-02 6.91630290091298727e-01 -6.64518564214511387e-01 1.75772670280613802e-01 5.57325246538863173e-01 6.29823880939247016e-01 1.34830046223420180e-02
1.01519932080222905e-01 -7.83721000255883204e-01 -5.15894951683935843e-01 2.51889109245610809e-01 9.44314687535476205e-01 -5.48052955397225761e-01 8.17198608363307183e-02
1.38925603405872539e-01 -1.88157015966329583e-01 -7.12426388754234030e-01 -1.52313721145365510e-01 1.07690719004591906e+00 1.92302819903234695e-01 -4.39908845173213825e-01
3.40416340977690440e-02 7.84387674604538288e-01 7.19393924106417892e-02 -8.75916873983935557e-02 -1.10283664140070625e-01 9.06557471192722120e-01 5.41805636315413008e-01
4.21532643620051422e-03 -6.07394598909118288e-01 1.26305305254343070e+00 -4.12305617057665996e-01 -6.88059668117201984e-01 -3.30083443507366514e-01 -6.89459423029651491e-02
3.21375438941886790e-02 -9.93890548131604490e-01 -1.12679026732352638e+00 -8.25457271779602431e-02 4.95267785820591000e-01 -4.08158785743584496e-01 1.73188318253092888e-01
1.02256569772860212e-01 -4.17608288672691785e-01 -9.69664038919131221e-01 -3.41880078686570332e-01 6.52876851883492204e-01 -3.09328940174304512e-01 -7.74714892661072518e-02
5.25911301008006649e-01 9.70464324486499219e-01 -2.87368821295074628e-01 2.53628823284547167e-01 6.06504385967477355e-01 7.51107576869460503e-01 6.31022160963086859e-02
2.85813597942121744e-01 1.20328009166635241e+00 -2.00261188246469629e-01 -1.61036593526585420e-01 1.82735445113871492e-01 8.95610269489724886e-01 9.02932258149017897e-02
1.06961570553170926e+00 5.76538353883612409e-01 -1.17681923051534332e+00 1.38386330502791699e-01 4.88400952227078966e-01 3.90612772483936721e-01 -8.48526037098108893e-02
2.63306381918594311e-02 -7.91578764746141750e-01 -3.08393015566152173e-01 1.67516077655078588e-01 4.74559845833708235e-02 -1.11946812408549023e+00 -1.14476806142449622e-01
1.55403210594420491e-03 1.34762312846282639e+00 3.89817145603282567e-01 -6.13699528957610124e-02 -2.97053549557925400e-01 5.51265234747425059e-01 1.43185511045232583e-01
2.04266662077944167e-02 -1.48431637341917583e-01 -1.62124933401175442e+00 1.68000966481836100e-01 5.05980692973941326e-01 2.37316474378051784e-01 2.17431129452351102e-01
1.18642974699524964e-03 1.06506042797265454e+00 -6.75947582309809114e-01 4.36031177177765517e-01 4.19712065785810662e-01 6.49378867583144781e-01 3.54193205201734640e-01
4.91415117564929314e-03 6.87673531949239414e-01 -1.06509353374232640e+00 -1.89504449648735918e-01 4.62278492837615684e-01 4.75838659131780917e-01 1.64959998687139286e-01
9.46420643184845201e-01 4.62109113433416208e-01 9.28419468492847622e-01 -2.38017913619413019e-01 -8.02513245222947980e-01 5.09167880513802351e-01 1.18454711307666286e-01
2.51634848754156383e-03 -6.45938660387316066e-01 -7.78424518801508314e-01 -2.45095886632066204e-02 8.89382085614878970e-01 -2.46612959771934398e-01 -4.29821131559831537e-01
9.41102447063007497e-02 -9.38421190230031010e-01 1.28027840820982182e-02 -6.51600965386771591e-02 -5.57132391533980004e-02 -9.02958215877339820e-01 2.17672503512499588e-01
3.57691999191633303e-01 1.45925035870139452e+00 8.12269352654129140e-01 -5.50705795092534187e-02 -3.72409279436807628e-01 3.86404844364978073e-01 -2.72924761910515734e-01
7.01181289353052933e-02 6.14586246210605647e-01 -8.87162227410905335e-01 -8.21547030951187418e-02 5.37877314229644687e-01 6.24165563976039173e-01 3.18257327002277970e-04
3.63065406651478075e-03 -5.11112823186857357e-01 -6.42917690768308736e-01 -1.30670359959797810e-01 8.39233214271933647e-01 -7.33594092219413407e-01 -9.41088983815522168e-02
4.00878431622792228e-02 -1.28648956737943054e+00 6.82835193786908268e-01 2.70986138082042916e-01 -5.80947376168852836e-01 -4.32084918738023127e-01 1.60364829201395498e-01
6.26158325485306512e-03 7.45984856465543023e-01 -2.53485855472287358e-01 1.38043662246158383e-01 -1.41636794905405206e-01 1.02622056565491659e+00 -2.68596679783602243e-01
2.37964138028215928e-02 -2.80633219263896304e-02 6.55799434954272398e-01 3.67137402660352094e-02 -1.17574116019592800e+00 -6.12393047581879180e-01 -5.87902009264227518e-02
7.23908050411841003e-02 -5.51375611969007418e-01 -7.67705043033953372e-01 -2.66526428628687528e-01 7.51859626712936269e-01 -4.93065837469591428e-01 -9.28964420074052111e-02
1.16238877053977153e-02 -9.01620791130489208e-01 -7.40999943156143259e-01 1.68043369852192981e-01 1.93247680809791073e-01 -8.71263681296230774e-01 -1.11503004650983215e-01
7.09887690934564181e-03 -4.59605668694881928e-03 1.23335185060395758e+00 1.50018697041147203e-01 -7.04291166876664265e-01 -3.45589467974822928e-01 -6.59917003128028673e-02
9.60792165728797887e-01 7.36907129282736606e-01 -1.84383813667543216e-02 2.94013773572461314e-02 3.43678534744354891e-01 1.14659385794166768e+00 -4.21337509365353247e-01
7.74075875405229492e-03 -5.85265562887907653e-01 1.18917663461587453e+00 -5.71578120528126510e-01 -5.70254075277292771e-01 -3.84466996550121010e-01 1.46983465444105482e-01
1.78457037669386151e-03 5.37125682010478722e-01 4.48826477591599271e-01 -8.48461453709769275e-02 -9.70026711791204255e-01 7.67958922956483381e-01 -1.35884433743728800e-01
6.62944117894411628e-02 -7.60153170221859686e-01 1.10320851915519977e-01 3.19330575565795471e-01 8.78095287211824380e-03 -1.08169709789400326e+00 -3.95927297807352613e-02
5.23280329110497201e-03 2.28280067873593534e-01 7.35278715432094887e-01 8.45518616142560270e-02 -1.05465020519839303e+00 4.20157745695476093e-01 -8.23235349120596260e-02
1.35599689371155804e-03 1.17291142080543342e+00 -2.69767379730118662e-01 -2.71009382395586029e-01 2.59658652916471000e-01 7.81281777985926795e-01 7.56825137383644042e-02
2.83714773618510101e-02 5.70344354296012379e-01 -6.39833477470018064e-01 -3.71208145831089520e-01 8.11401973923692843e-01 6.15684443162306194e-01 -9.42684353050077112e-02
8.64989677285182140e-03 -1.12179402699347053e+00 4.72614001440652243e-01 -3.88024876591580789e-02 -1.18424976186811012e-01 -8.16963163371595136e-01 1.28719892962932597e-01
5.15552269173861349e-03 1.29863414846502634e+00 -7.04044264554168575e-01 -3.71585595070515029e-01 3.28280172864768960e-01 5.92681840172796459e-01 -9.91126742653329340e-02
9.53806656282781162e-01 -2.54729154933680091e-01 7.51574714269725885e-01 -2.76188969595200728e-01 -9.47956877496620387e-01 -2.46494347748673598e-01 -3.17469681758577760e-01
1.96712455067677219e-02 -7.79254502024231271e-03 -7.09040295760109629e-01 1.48424246833473994e-01 1.17757354899041200e+00 4.39631683035902610e-01 4.50419548437317963e-01
2.38546636527137812e-01 7.30268390116542099e-01 5.34259709840330776e-01 -7.79536084452812222e-02 -3.27584206705780534e-01 8.45327855553649199e-01 4.45195371921932481e-01
3.27784241629641315e-01 -1.10855942403450758e-01 -1.16186344683696641e+00 1.84101842926391784e-01 7.16039963523969480e-01 -2.06303827890331803e-01 1.86934403523387471e-02
3.30148413759288146e-03 7.13520352088184207e-01 5.03404531674028100e-01 -1.36589905707684617e-01 -9.65233490444947217e-01 6.06848355922611216e-01 -5.70525687455619990e-02
1.43070443948565551e-01 1.28614288440554647e+00 -5.53221915501306061e-01 -3.30145325713052384e-01 2.09606357225465473e-01 5.19001797765637596e-01 2.95741402288183852e-01
1.72090344616526142e-01 -8.43566168646791015e-01 -1.34897932939882309e-01 1.00026666972826278e-01 3.45307294438829404e-01 -9.14747436249719215e-01 1.27589108110997884e-01
3.33192726512467757e-02 -1.02228947876394560e+00 -6.71020019456302519e-01 -1.65206597345339712e-01 2.72150370030613764e-01 -7.32887778771155740e-01 -1.92593527134028414e-01
2.98484286536963590e-03 -1.39290498928648671e-01 9.84933838376966131e-01 -8.64654259958988342e-02 -9.56116216737466273e-01 2.21297289431744509e-01 2.22316042618481091e-01
1.12623764505094081e-03 -6.26233765356899230e-01 -1.18031214752383340e+00 4.12289341248176025e-02 5.68520040292627926e-01 -4.42167378454737525e-01 -2.70746007324175253e-01
1.32427026253719465e-01 -6.50424150745338991e-01 -8.65055664364575705e-02 -1.04031183922655826e-01 -1.90990029089842805e-02 -1.26837468975124135e+00 2.43079609945051706e-01
8.08831239910030725e-02 -3.06159734746862117e-02 -5.69893883029906401e-01 9.05507991164124088e-02 1.51929604838367593e+00 -1.75414511246051008e-01 7.07391093540287869e-02
3.12491230881406686e-02 3.00781123901845637e-01 4.06868998053065478e-01 1.10387542212958781e-01 -1.25455623876868105e+00 9.46648944256493596e-01 -3.35278898491720156e-01
3.79866664970027121e-02 4.27763763932604402e-01 8.00006345420430920e-01 -2.72654133703178592e-01 -6.22428820302010410e-01 8.12289417047124873e-01 -1.73679383751091723e-02
1.63959784304091583e-02 7.59806466507660705e-01 4.70364242826525669e-01 -6.53867858089442894e-02 -5.35805009182790837e-01 7.19081649609277673e-01 -1.55592988766794199e-01
8.18428503721331524e-03 4.74267489613512339e-01 -3.53457070863893330e-01 1.55361694747867485e-01 8.87540453109520455e-01 1.21982138711704668e+00 3.20687311260103511e-02
5.78925474502661221e-03 4.15623666061602337e-01 1.24724666754582669e+00 2.63766660362114214e-01 -7.92071969413424171e-01 1.68401362453335784e-01 -1.86384228590735113e-01
2.26625500035377639e-02 1.56331938454131536e+00 5.43818907473784141e-01 -6.92670565169648395e-02 -3.27644363485723872e-02 5.39529642420241484e-01 -1.42410242000620496e-01
2.72711086993168705e-02 4.16693489243577242e-01 9.43116350718781749e-01 -3.21818300043500316e-01 -9.18130092981363721e-01 3.52914359107594389e-01 -2.44717906851570716e-01
2.98008900193293255e-03 8.03934174200914509e-01 -2.39818203655464635e-01 1.56528099629035605e-01 2.30765976651268773e-01 9.97274796548300091e-01 3.15246070421388580e-01
7.60614991996050177e-02 -7.35389825278327969e-01 6.04101229555820796e-01 -1.50615069222390596e-01 -6.66134978641649278e-01 -6.07123526070061148e-01 -2.73831580937174524e-01
1.83126353069577891e-01 -3.15321266683354751e-01 8.49288619468487660e-01 8.27774170411528093e-02 -9.25633733152355309e-01 -4.11765821397410692e-01 1.01632044975486377e-01
4.72766861416883399e-01 1.23202918808827833e+00 -9.47466539618115923e-03 -5.10133571170250488e-01 1.24333478828665786e-01 8.09148728089005176e-01 -1.20546885591379022e-01
1.88390632413962880e-02 -3.90512013002702385e-01 5.31114979279589394e-01 5.23927656871084821e-02 -9.69511945521959850e-01 -8.99803539446519363e-01 -1.35651438632904797e-01
1.87269701284678181e-01 -9.92844038228541170e-01 4.69721715535177775e-01 2.73273329941930987e-01 -3.10711302551629244e-02 -8.22935263368828607e-01 1.05864018922089978e-01
8.91102556791080122e-03 -1.68639313968441291e-02 -5.83583072011285786e-01 -2.43627527495492213e-01 1.27963335547443391e+00 -3.13059690915137023e-01 1.17644217307212681e-01
2.02627400615604858e-01 -4.28675549052649985e-01 7.03369261685144687e-01 2.69954635895245820e-01 -6.72469991424205604e-01 -7.65565797062641828e-01 -4.84117076109555344e-01
1.82705351644727787e-01 -7.29948830520146918e-01 -9.00241549710505996e-03 -2.58029387464296989e-01 -2.91415908167021342e-01 -1.08603069678298225e+00 -6.37282116473342986e-01
3.33202499663740492e-01 6.86042269140284211e-01 -8.05362888073912903e-02 -1.03459991280476116e-01 3.53364864371474408e-01 1.19919022306108869e+00 5.28626422963579756e-01
1.29888520672153701e-01 -7.18212548565558939e-01 -3.58416710591108467e-01 1.80725640410302202e-01 8.06137272694851914e-01 -8.75661702946730180e-01 -1.54985887401317218e-01
5.36853892717851500e-02 -3.50081243425444999e-01 -1.17845796437578443e+00 -2.19245833737123613e-01 6.41724449546574927e-01 -1.19558007166019886e-01 4.79672225888596981e-01
4.59024991291131917e-02 -7.82021074893281321e-01 7.67747153825836026e-01 1.15693295108910674e-01 -5.59822720924574080e-01 -8.18828855047624704e-01 2.56024902299012078e-02
7.02298655399532980e-03 5.41707179745998801e-01 1.06940679775316960e+00 2.12108711413537598e-01 -5.94540432907080141e-01 5.36505654572430490e-01 1.73086439512551482e-01
1.69574945074612640e-02 -5.67420217836121177e-01 -9.96907805228983562e-02 -8.17290714556328547e-03 3.55904190354055461e-01 -1.47976469719098436e+00 1.54218852460262484e-01
6.74945587696916816e-02 8.34619733315953405e-01 -3.01929270535836569e-01 8.34409959594995254e-02 1.70015784947489673e-01 9.83038955675589854e-01 3.51596195590428373e-01
7.87918688485756726e-03 8.76490678689600622e-01 1.79024537797586786e-01 1.85370542261892896e-01 -5.71225492334540119e-01 1.00844008272364172e+00 2.33397695323815491e-01
1.17013480610658152e-01 -1.06682427447851058e+00 7.32579155917437275e-01 -6.06725303150214224e-01 -2.75501024038316833e-01 -6.58945514452324854e-01 -2.62920547701383026e-02
7.44642984543496256e-03 1.38038936254528033e+00 3.35319632799600365e-01 -1.72507353158488815e-02 -2.11908114198443825e-01 7.27997437933837976e-01 1.50086382655476303e-01
5.68421299503297228e-02 1.34846182711235141e+00 2.63007388263902464e-01 3.31193791195603771e-01 -2.82036105218304634e-01 7.19064702579446102e-01 5.21378035679427657e-02
7.39716126118053312e-03 -8.38789686559233805e-01 -9.36121156138929322e-01 -9.58059686675436228e-02 5.27050090062629484e-01 -4.98144791580711788e-01 -7.74602468605948974e-02
1.27663662415631110e-03 6.04936937509712891e-01 -8.62342337131231096e-01 9.24263669040212982e-02 8.39400046442209224e-01 4.48899810329579985e-01 -1.43117200326232402e-01
1.25091014276688928e-03 1.31109920131098345e+00 -1.04284899353841443e+00 -2.96177213250830629e-01 4.40563952851574292e-01 4.47437774614959316e-01 8.67154631868289755e-02
6.71423715074168870e-01 -5.56104948064929938e-01 5.94294379511269955e-01 2.75135294464371571e-01 -4.65508231756539215e-01 -9.51203420747668726e-01 2.05965868198915679e-02
2.10728947820000481e-03 -9.36242237402235000e-01 2.51107311085976059e-01 1.64036739369485089e-02 -2.41365195497450724e-01 -1.00990420053770324e+00 -2.49369973927659229e-02
1.78098084221981062e-02 3.42565233256482748e-01 2.85779399193339168e-01 -1.28507323138783103e-01 -1.42072635020378413e+00 9.19908098326650658e-01 2.69363157641764273e-01
6.51694433262041059e-03 2.29717715224122820e-01 6.43707558988040107e-01 -2.62891496818304315e-01 -8.82073502864337833e-01 8.13251976630226747e-01 1.65497191745198391e-01
4.14732721061246857e-03 -2.27542813133902420e-02 -9.70192601292352852e-01 6.45833692191526837e-02 1.06345989229866800e+00 -4.55871413241358825e-02 1.90297536457567085e-01
7.88070218221347159e-03 9.99288744375638416e-01 -5.65777586914045089e-02 -1.29453352962531992e-01 -4.13764669106098659e-02 8.24127369388680808e-01 3.75986899285480347e-01
2.90401880273844643e-03 -1.26613794977608252e+00 8.93188295539242727e-01 1.73180398409375685e-01 -4.59917938407867322e-01 -4.76329924945750383e-01 3.76554770486850002e-02
3.07183071294639225e-02 -9.61257775402009962e-01 5.04387157304263201e-01 5.26836315973975955e-01 -6.21484429177514008e-01 -5.97482878470631085e-01 -2.93650876587188636e-01
2.84277404889959173e-01 -4.80677409084905805e-01 9.23603987202485821e-01 1.31010131426578191e-01 -6.19102014521594524e-01 -6.63580543075912632e-01 3.00913129476192490e-02
2.63882439950092196e-02 -7.90176826335519805e-02 1.31890592342478263e+00 3.72669834108302830e-02 -7.42623953413238724e-01 -3.26733227553744010e-01 1.29476299207897605e-01
7.04368763822750932e-01 -1.20387460756338549e+00 -6.67913499849471459e-01 -6.69509657306921607e-02 2.89156554483894157e-01 -7.04592763285251444e-01 1.81772889772316704e-01
2.17896084417956281e-03 1.01578412170286536e+00 3.63187304359445740e-01 5.23818449592030055e-01 -3.38355970575881626e-01 7.84895231173743491e-01 1.32085856187054984e-01
1.35340193060167119e-01 8.76220867448816998e-01 -6.35063569031349417e-01 -4.83809201175991410e-01 5.85066725506328211e-01 4.68743158252425574e-01 -9.97288719842777116e-02
1.33812902627563016e-02 9.00048093057773446e-01 4.96607252918728259e-01 -2.60573720102925788e-01 -3.70383862623793303e-01 8.32556571633706444e-01 2.21040682291087004e-01
1.20272795132428667e-02 -4.17076847871468093e-01 7.02585382109871204e-01 -7.19870735937876427e-02 -1.05124361221418505e+00 -4.48239828920146521e-01 7.67085453206807922e-03
5.33104342773503721e-03 -1.06935002782099153e+00 -3.51477534446233475e-01 -1.56433005492938771e-03 3.37241799911018342e-03 -7.54558834841388415e-01 9.88219561400559970e-02
1.21853683889742975e-02 -5.13390060138452009e-01 -1.42463818435716938e+00 5.26960118113033338e-01 6.69406536959738285e-01 -1.11794767002477688e-01 2.60744832251353087e-02
2.94786081488487839e-03 -4.86325711940414296e-01 6.09375555955449011e-01 -3.63773546000918701e-03 -7.03815044416468139e-01 -9.39721795472989396e-01 1.43879110819042699e-01
1.14395603946833065e-02 6.25763863664332010e-01 -5.88626746343392071e-01 -2.99966137052410819e-01 5.41704916040584905e-01 7.93203207035794056e-01 1.92850764768249805e-01
1.95324584812600260e-01 8.64598252068136452e-01 -3.87470732653515837e-01 1.37759863667247795e-01 8.42207831127370188e-01 6.33505625579835585e-01 9.05611554561834425e-02
5.82477330417703089e-03 7.15878587368028896e-01 -7.10659095998056323e-01 -3.52536464018840812e-01 5.38729332595719312e-01 7.28755856795976209e-01 1.87844743170732797e-01
8.82761107227437058e-01 -1.92880400709365268e-01 -1.86138364762872643e+00 -1.23188140021201820e-01 5.12535625751452617e-01 5.69521714852694056e-03 -5.12660679727193203e-02
4.80225938694118670e-01 2.38517287464560412e-01 5.77134990003760895e-01 8.69379303908866391e-02 -1.16935915995060613e+00 8.77478546118083624e-01 -4.99738097458974143e-02
1.98820026206605743e-02 8.85974960095253672e-01 -1.28058031890326740e+00 -7.21389418356857964e-02 4.98738882972243280e-01 1.43731216874886408e-01 -5.46748249763061647e-02
7.96196648219219157e-03 4.23631383642071147e-01 -7.19209445483316223e-01 1.42029649689433296e-01 9.03825125084055436e-01 3.95551766624643197e-01 5.94083900746865456e-01
5.74377734581743016e-02 1.07513035553624947e+00 -4.09904030258499863e-01 -4.10636351635252222e-02 3.87185348143294805e-01 5.82166726982680571e-01 8.49865057060524703e-03
7.33917670576505598e-03 5.10923303582608845e-01 -5.50255326700387348e-01 -7.83178043334991358e-02 7.41118408820229058e-01 8.43053670567415203e-01 2.17579955076129983e-01
6.43506721389641972e-03 6.59386904173874466e-01 -2.92456510627638222e-01 1.78231711725966510e-02 4.30813252074513098e-01 1.08074901609911467e+00 -1.60225301956637700e-01
1.23354620883742092e-02 -5.12857215362944929e-01 1.98519123084312993e-01 1.86625136001353581e-01 -6.83762044763947308e-01 -1.25950351699938334e+00 5.68223824054240767e-01
1.76770271207908919e-01 7.03414691361664124e-01 -7.84571017819641225e-01 2.00426392419056909e-02 5.90350837908528492e-01 5.74177163304696259e-01 1.27051642497033490e-01
7.91089936164124548e-03 -1.60883124859767079e-01 -9.25932535449289995e-01 1.30705927734409588e-01 1.00630762410027597e+00 -2.00905876031998415e-01 -1.37320906666716702e-01
3.97494133234406397e-02 2.00973103845030227e-01 1.05814576813340167e+00 -2.21468050295107799e-01 -6.69568100971646984e-01 6.49902475602938678e-01 -2.63899106448108933e-01
2.68907037141460003e-03 -2.04677082939515309e-02 9.15065018679502851e-01 -1.17212345305825222e-01 -1.05051604445106994e+00 3.88237971480270005e-01 3.15428626568079601e-02
2.45523996697019492e-01 -3.48328089168520594e-01 7.66960908479766612e-01 2.87433326233813569e-01 -8.51618694319250413e-01 -6.77534361387293838e-01 -2.91376588018202709e-01
1.95035254152401832e-02 -9.91583882586334564e-01 1.12754473952441669e+00 2.09514954018840294e-01 -5.23853219881469601e-01 -2.13441237573812698e-01 2.08710247714428587e-01
1.00250632379748506e-02 -9.02422258022449908e-01 -3.54650909158352567e-01 -1.80530342374421199e-01 2.72303127587995963e-01 -9.59702300178805756e-01 -2.31813369042759509e-01
2.75742649572532118e-02 -1.07501850299859869e-01 5.63257049195266868e-01 2.74437567670425209e-01 -1.49067724527408907e+00 -2.50995918611062130e-01 -6.99123868019503741e-02
2.47193431861954596e-03 -9.63850519320975208e-01 1.17766512934654580e-01 -1.08449705794965323e-01 -5.27063102202783851e-01 -8.43167047867257269e-01 -1.87251965353296777e-03
4.67602877653639781e-01 -5.32345917010602521e-01 3.09491928629450130e-01 -2.03354951967184616e-01 -1.03658018116314410e+00 -8.38379305061780267e-01 1.55547862431029305e-01
9.08025524335842084e-03 6.29648747799122277e-01 -5.42882814087961130e-01 6.66325149644620141e-02 5.43024360825269059e-01 9.85614721474096123e-01 3.76470817825391380e-01
1.52585985403305754e-02 -1.45035760432909755e+00 4.30832269353743136e-01 -2.53629292735184420e-01 -3.90905236067932704e-01 -5.46811067721898469e-01 2.28392881744599596e-01
2.64290295852335306e-03 -1.87515253386356190e-01 7.75067063038320847e-01 3.99221765961726895e-03 -1.09131601050859706e+00 -4.24020915917559527e-01 7.03527383452530602e-02
1.89538213442361670e-03 1.81658917930048014e-01 4.67114379219438269e-01 -1.10801402138204913e-01 -1.33726190093529507e+00 4.41528544322940808e-01 7.94296973773805703e-01
1.20406246160307540e-01 7.41603234522459132e-01 -5.72048552865907278e-01 -4.24998144140174769e-02 3.45734407606595406e-01 8.69328817554487099e-01 -2.87299542251539808e-01
7.88876845719955755e-01 9.35250557115314685e-01 8.29618708841794311e-02 1.89954805979622388e-01 -5.64356911554348639e-01 7.43940827788804993e-01 -2.55008330141067718e-01
1.67018737790295586e-02 2.08742158386712000e-02 8.62155013544508297e-01 3.24528339840149782e-01 -9.14285354113808846e-01 4.95917607681756911e-01 5.06852446752832780e-02
5.22089947048804542e-03 -1.29611149097826051e+00 -3.87220522638398623e-01 -3.98405158850294983e-01 4.07627919535036090e-02 -6.88309213922790319e-01 -1.58434774790112698e-01
3.29554798615827454e-02 -2.05622343454373691e-01 -5.57803473361800806e-01 3.74190773539175708e-02 1.29974015673512389e+00 -4.80369772225887615e-01 -5.18166151790494744e-01
1.01501159854897223e-02 -8.05794728503265167e-01 5.53531625790995574e-01 2.28656877171131090e-01 -5.65306012759624110e-01 -5.13716645231373725e-01 -8.84970960416237712e-02
6.63447622091224987e-01 -3.48110467923885891e-01 7.97548246685194751e-01 -3.42603780084331025e-02 -1.01773426986757998e+00 -3.28079810857467180e-01 1.84129910599722502e-01
2.12279500279442083e-02 -3.13139874093538384e-01 -7.88923196524371706e-01 -8.20359529981193741e-02 1.17043542941874801e+00 -3.80123627820752430e-01 -6.30187570486262366e-02
2.45178782595516565e-01 1.13410207269972840e+00 -6.35158743732243347e-01 -4.07700816701719815e-01 2.09902069376669886e-01 6.78759649359449768e-01 2.74150721623927840e-01
4.31471469909830818e-01 4.94284850005931517e-02 9.05956668815444677e-01 4.86170324886777583e-01 -9.32956125506824385e-01 3.11871806427111598e-01 -1.75719341939268497e-01
7.23712688980289540e-03 7.71875232985184789e-01 -5.25910926336387474e-01 -2.91967046609704628e-01 9.02593603933374733e-01 5.27981334178901252e-01 -2.25725909535733293e-01
6.11189178255531540e-01 -7.04496880799795777e-01 -6.36290028933319651e-01 -3.05762015295800715e-02 5.02523735117842540e-01 -9.39761740126218048e-01 -2.85441755991703239e-01
2.40436991691437396e-01 1.09942524133070951e+00 -9.05669987889785172e-02 -1.87964059586393700e-01 1.55369515928690971e-01 8.62659648826605174e-01 -3.66854264081200934e-02
8.44566580806297221e-03 -1.00741782330252749e+00 1.88360183839870188e-01 -2.19438922445079315e-01 -1.13457045944463916e-01 -9.77248128878881017e-01 -1.94782609387296538e-02
5.70776026985069483e-03 -2.42780735479024568e-01 7.83356655669591784e-01 1.62951795973327596e-01 -9.28283962428206877e-01 -2.15437820695725507e-01 4.91699116237499789e-01
1.35904120895686382e-03 -9.48076445681592772e-01 -3.93270716235997242e-01 1.05999541785483181e-01 7.64595188501830149e-03 -1.01351828408330724e+00 4.75798117419670083e-02
1.96790674095876240e-03 -9.98233712989888278e-01 -3.11062507285073231e-01 2.94747589383775599e-02 -2.65692886807106732e-01 -9.14955772369441922e-01 1.14243887470601574e-01
1.16887151700364577e-03 1.06098635336359837e+00 -3.50125334903718333e-01 1.99499022113884095e-01 3.17618291670004493e-01 9.14850890443134390e-01 -5.15434318318811549e-02
5.75894059667808045e-02 -6.09352144186048328e-02 -7.25153310434866860e-01 -2.34899683660767800e-01 1.03089497022737797e+00 2.23079258446009898e-01 -5.73005213997005325e-01
4.07504531586603658e-01 -6.87899984543890453e-01 5.87875546285892447e-01 1.13932846032349221e-02 -5.59447569534304967e-01 -7.85434296453884628e-01 -4.44484527247265143e-02
2.30191912905314613e-03 5.95284250941920320e-02 -7.60205997073243878e-01 3.29767417767294624e-02 1.10903862185256497e+00 -2.83680160696489214e-01 -1.78354041915033318e-01
2.65613753202912813e-02 -7.62765878172084855e-01 -5.58992900866957632e-01 1.82892344622309300e-01 5.26522698814178680e-01 -4.55254846405975577e-01 -7.43674905669061470e-01
6.14659915241908064e-02 4.46936074550805806e-01 1.15580920470674073e-01 -1.39837401022753476e-02 -2.86007979738393203e-01 1.60338133707488861e+00 7.76870601919182113e-01
5.66739795950253408e-02 -2.35584600379704322e-02 -5.51830364349272573e-01 -1.08473050466739621e-01 1.56023828991774205e+00 -2.44675358003055593e-01 -2.53057823553123507e-01
1.31635909417845472e-02 -7.24240483053019135e-01 4.44945944173364472e-01 -7.70163312288096036e-02 -2.06326491013562929e-01 -1.23103792698867731e+00 -7.97876270817114430e-02
5.09494961520120648e-03 -8.25111148580833564e-01 -7.25490131943731242e-01 5.32601783357456934e-02 2.23277432655409391e-01 -7.96502464932798415e-01 2.90636874728441852e-01
1.29005239702668527e-03 -1.04099343529598864e+00 -2.84701927679390177e-01 -1.09094226705149219e-01 2.99989109236590799e-02 -9.51361503707612632e-01 1.75151721363125706e-01
3.25148465658068542e-01 -1.09620692928115759e+00 -5.04049213727884513e-03 -3.08858530082529115e-01 3.62225532624024793e-02 -6.54912401127118460e-01 4.42215077413054491e-01
3.46231398226307802e-02 1.00418445994944538e+00 6.26618034882997721e-01 -4.54893368554851796e-01 -4.94799895799789946e-01 4.46155892706315005e-01 -2.28738808967524798e-01
5.87272494591177530e-03 -3.93991294169223183e-01 -8.26404578189912975e-01 -1.02105121253376119e-01 6.17104780839509703e-01 -6.23639301226627807e-01 9.60747241865689688e-02
9.46375406147225567e-03 -2.68556120084239291e-01 -8.42974023257719751e-01 -2.83647668792978813e-01 8.25989818919349417e-01 -1.33852806481833009e-01 -2.54401720447048452e-01
1.03374286325530515e-01 -5.33155617013226890e-01 -6.63553379898736084e-01 5.60706441196243272e-02 9.28924929325356530e-01 -7.45387408862631662e-01 1.04587326859665770e-02
1.23349334895503177e-01 8.90244889589925203e-01 8.68634940116342014e-01 -1.07582251667512119e-01 -7.60327472655942360e-01 4.57163269789573501e-01 -1.40790965085643094e-01
1.22534169147470631e-01 5.47589347627224554e-01 -3.43374359784324956e-01 -7.79937635477025021e-02 4.26842406940867891e-01 1.33658057010765474e+00 -1.18287623555287422e-01
4.01916287601428342e-03 -7.78365311926379810e-01 -2.83320230892898040e-01 1.77920063136862594e-01 3.63911204957673207e-01 -1.00747260524629234e+00 -1.56562749017824993e-01
2.45651962826866745e-03 6.97402930860386627e-01 5.48635595011022548e-01 -9.48022638577254440e-02 -8.65742594127141385e-01 3.38766504179281891e-01 -1.24550835936538914e-01
1.02472654900490259e-02 1.42068405339814324e-01 8.92046125972982162e-01 1.90308385906956895e-01 -8.52743091871859371e-01 2.72027689263813377e-01 8.40104427615744748e-02
5.59693863864302379e-02 -3.39765014260261788e-01 -6.17615169166611633e-01 1.90824260458723388e-01 6.91175009529081508e-01 -1.16816031831289635e+00 -5.69775258636845555e-02
9.84145740276137423e-03 1.21124385008540747e+00 -7.38261567870623137e-01 -2.04806064634631996e-01 3.05446666200103689e-01 5.93263872561870964e-01 5.91940164164071747e-02
1.98607716832925801e-01 -2.56740851106788570e-01 -8.52599171677750234e-01 1.16505882160183774e-01 1.02870286807472699e+00 -1.45873430847694802e-01 -3.51565322300935623e-01
8.92957021421278557e-02 -4.87585249139121601e-01 9.58363939443948154e-01 4.91516718860398882e-01 -7.22242705561951914e-01 -3.40649907431330223e-01 -2.09443131400468108e-01
2.86962464393925335e-03 -4.71023252796325287e-01 7.00146549628553050e-01 -1.01450624695519021e-01 -1.01211166676710107e+00 -3.59882006975925428e-01 1.35980984452257397e-01
6.07108562765986629e-03 -5.76029241098133471e-01 1.57642450542950674e-01 -3.47598193424659627e-02 -3.37206727234140302e-01 -1.32073511915856034e+00 3.85986288881077166e-01
2.20635509780970455e-02 3.01979553827052216e-01 1.10368297762039558e+00 -3.52334934911634590e-01 -9.31686508758187260e-01 1.14704469546015111e-01 4.87234465218477145e-02
4.74709441798677571e-03 7.76389898568160652e-01 3.49306997788482565e-01 2.54746044068336286e-01 -2.89585364191779437e-01 1.03852811259857769e+00 -9.88394309125750249e-04
9.25451766200839021e-01 6.59154298075761202e-01 -1.36783342663413743e+00 -1.66658426826157308e-01 5.18064721571570463e-01 4.61863797687029676e-01 -2.07190306281109210e-01
1.08245806571174122e-01 -7.60636501740025173e-02 -6.55041564852397729e-01 8.41855970696573919e-02 9.63710811211919705e-01 -6.42267023537119286e-01 5.01351649412155709e-01
1.54993060506062957e-01 -6.43973781036766835e-01 -4.17705055007088266e-01 -1.22189650907219578e-02 2.16822580908740292e-01 -1.10112770228903933e+00 -1.39773014830563689e-04
1.66619926577365879e-01 -5.29493407701903118e-01 9.90874023820229821e-01 1.09294604410761678e-01 -7.66516462721520075e-01 -5.53866962136330271e-02 -5.26320297588665706e-02
4.18259962839176158e-01 -9.55163071478225989e-01 -7.82812098563747338e-01 2.53305534643994967e-01 3.56338280141145491e-01 -7.80918149733514033e-01 -4.43423722847773802e-02
6.25192686062892800e-01 -2.61447087892262064e-01 1.19351585986724262e+00 4.34511014825945396e-01 -4.97120403921048837e-01 -4.34920145230737187e-01 8.35667482213303808e-02
1.78421963101727220e-02 2.60699490694946634e-01 -6.42006157852192616e-01 -3.41075699540876187e-01 9.15071280827298050e-01 5.70703683731067946e-01 8.54357261268822166e-02
3.77104659599811973e-02 7.01727339275258322e-01 -5.08033813206681173e-01 8.83581552713602197e-02 3.89511009808900854e-01 1.00245180477574070e+00 3.05642854391511842e-01
1.92240346745979514e-02 5.13780241123085735e-01 1.13789556129873759e+00 2.33423874665192405e-01 -7.05876948684395544e-01 1.55725186448700897e-01 -3.78368883988569812e-02
7.12875365657926561e-03 -2.55965491263761058e-01 -1.12566119045720536e+00 -5.20866240746070353e-01 7.99893704488854551e-01 -9.53336108570869006e-02 -7.30570394460784145e-02
1.48193820416078204e-01 -1.11170962175545257e-01 -1.12186831669101439e+00 8.55981619144629780e-01 5.94100983605578392e-01 -9.14030471407361877e-02 -3.26225814335876149e-02
1.06975279639797929e-01 -2.92402847740987293e-01 -7.16092850105502055e-01 -4.33589199907620626e-01 7.79139045464933400e-01 -4.94146153473599914e-01 4.04587483380396962e-01
1.49348447105312615e-02 -9.27810763913233250e-02 6.05744856163735079e-01 1.24756890506896381e-01 -1.31908994006473002e+00 -4.09015191381490395e-01 -5.56844179913817613e-02
3.30056181986286723e-01 3.43067178248099347e-01 -9.28765397789861558e-01 -1.40252729186090108e-01 9.90795561452444851e-01 1.30238892841751691e-01 6.84398106814793766e-02
6.05945059306136399e-03 -1.05304612379169260e+00 -8.57141194224374958e-01 7.05886657370935477e-02 6.14533137187335154e-01 -5.46502991351922929e-01 -8.98771820375544039e-02
2.22747516057842897e-02 -7.84094270275703664e-01 9.62607368430078547e-01 3.12988393206001414e-01 -7.51001844254216455e-01 -3.40645283765537710e-01 6.34601102619296864e-02
7.63430076084034431e-02 -1.13245858554896661e+00 -1.43056603404990434e-01 -6.03757037876067160e-01 6.45867108261812817e-02 -7.96843262399128949e-01 3.62845619522200458e-01
7.75022712933767788e-01 -4.14544422531989698e-01 4.85930370412034740e-01 2.52816537406633790e-02 -1.18813083694554100e+00 -8.36483656198062087e-01 -5.14581323025442502e-02
2.88190424582133620e-01 1.50482454631574147e+00 6.53627684826262212e-01 3.46491760476219906e-04 -7.94903510074361358e-02 6.56640656817519486e-01 1.05932329793463776e-02
4.78065647591444820e-01 -9.54344466822663828e-01 -2.84644068950475726e-01 -3.47278773256105122e-01 -4.06547322819659829e-01 -8.73960776458297173e-01 -3.64445030397041625e-01
4.26657527985565777e-01 -9.48661798323067740e-01 2.53319672468317825e-01 -2.80967340919545283e-01 -3.79467373083274995e-01 -7.80165432394661518e-01 1.36851960443322485e-01
2.52365637858688449e-03 -1.14342069322672560e-01 -7.89362412515493328e-01 1.09179606717759281e-01 1.12366664009469597e+00 -8.26177735165152527e-02 4.39306997718745040e-01
2.37332876054255709e-01 -7.80144811452950893e-01 -2.07893412229714525e-01 2.09515978956594184e-01 3.53108199835355796e-01 -1.01206551140304524e+00 9.15210463844909755e-02
2.66468892859683004e-01 -6.25766306995005017e-01 7.19850759684178665e-01 1.34776908209255697e-01 -5.52885851986488874e-01 -5.78307570461691678e-01 -1.27440644526051194e-01
6.71868301242583704e-02 9.18808772024200526e-01 -1.68241994947456522e-02 -8.72421606973077107e-02 4.61675379855350666e-04 9.43681018130558269e-01 -9.50174391939617169e-02
8.90063438327174244e-02 1.82326916173039394e-02 -8.88150840653994189e-01 8.06364786495870206e-02 9.49807951837525088e-01 1.42372674168142394e-01 5.21023225289382109e-04
2.98948090566301616e-01 -5.79122395942267554e-01 -1.34304516781332511e-01 3.96976626230225588e-02 5.65905746854246470e-03 -1.43436933271467026e+00 -2.52106328967308557e-01
8.12287422186523389e-01 1.22666482538030239e-01 -1.18238097044947144e+00 2.72518174289788584e-01 8.04905742632403109e-01 1.47108501740034880e-02 -2.91866864970549755e-01
4.48812831012785685e-01 8.97437778975759382e-01 2.12459275837512590e-01 -7.92545735999910517e-02 -3.52385481499629227e-01 8.63004218669749412e-01 2.11218889678421895e-01
2.71404828324245256e-02 8.19469990892529365e-01 7.83762945831148805e-01 -2.45280864188315517e-01 -5.04220207331537940e-01 7.99308457624956836e-01 2.58133558870465782e-02
3.57865564000726293e-03 -5.76876608658892565e-01 8.08955422010811054e-01 3.15354336744967267e-01 -9.56283270549658782e-01 -4.46689430193430492e-01 -3.21341602250271030e-02
2.95347840179996823e-01 -5.71859402552161375e-02 -9.15068352563429221e-01 3.09457872869004502e-02 9.03945205943436636e-01 1.05686443760420717e-01 -1.27594304813301501e-01
8.41347146383369271e-01 4.37048290365712411e-01 -9.20162111108106306e-01 -2.46340675691059413e-01 8.76098363411313641e-01 3.94075018654628684e-01 6.68243330544172343e-02
5.75923922946008637e-02 7.10605486523962382e-01 -1.97300563018292630e-01 5.54070721726171028e-02 6.65882427436924496e-01 9.88710478384568048e-01 -2.35426354336426502e-01
1.98398378437569439e-01 -2.93362164484154489e-02 1.10834327528745469e+00 2.80205773922361900e-01 -7.47763082845845584e-01 8.71321521344453204e-02 -1.19775726925513720e-01
4.44828244288428872e-03 -1.02773768974408070e-01 1.26569677755101662e+00 3.85651183935120712e-01 -6.90834221734253684e-01 -1.49572360325883891e-01 -1.95666788051123114e-01
6.86884761391759607e-02 -7.47825347098082349e-01 7.44224884219038207e-01 1.44224169408551595e-01 -4.77908131135120429e-01 -5.35399731970566339e-01 -3.29149708506267125e-01
1.20117405041279528e-02 -7.29322977819135021e-01 4.97441179592031657e-01 -3.92091569636310200e-01 -6.23772210494606072e-01 -7.67465444714397371e-01 2.52979946092608987e-01
2.75454751375183013e-03 5.48634366994570577e-01 -6.52467770843129513e-02 -2.50137954388858996e-01 1.05735977375918277e-01 1.20527241928735163e+00 6.57926066311448565e-01
3.14849653764897375e-01 -8.27292194316056939e-01 -9.22790559161980273e-01 3.18212301090363192e-01 7.46222900104818399e-01 -3.85007873833623893e-01 -3.15547519845461935e-02
2.43704249710647025e-01 1.18384416904917433e+00 -1.41102718736041133e-01 -2.54902704337024999e-01 2.88354670614374586e-01 7.65236173298437738e-01 -1.47833766909877012e-01
1.20849732633033224e-01 6.52873998782045328e-01 -3.81030739190542256e-01 -1.27694727446952011e-01 5.80663122934963360e-01 1.17652602421209562e+00 -2.48870323957161438e-02
1.20702698681382026e-03 -5.62502280746956962e-01 9.61419792276737795e-01 2.35232747473173381e-01 -5.00814735880028894e-01 -4.89461922572393682e-01 1.96084682995222803e-01
1.57811964225480328e-01 9.59821716414216652e-01 -4.93542730411686170e-01 -2.07012526313365114e-01 2.51586883037385745e-01 8.27856632999002584e-01 -3.98421728332195996e-02
1.10331225227464580e-01 -7.29564495426535009e-01 -7.56828343334691067e-01 -9.33037442230546209e-03 6.91098952796493693e-01 -6.56557258147942302e-01 -2.50825855524155650e-01
3.40265665093376773e-02 3.46458174772988903e-01 2.15141229723683380e-01 -2.81353667934835905e-01 -7.52508641368291209e-01 1.50202710289667474e+00 2.80915228261809757e-01
2.34131482298923811e-03 -6.50917589687686871e-01 3.42663124213976156e-01 -2.50063604601861895e-02 -9.85007736759276997e-01 -8.04267917083855699e-01 2.57224994920606853e-01
1.30486628618254451e-02 2.72088771484189007e-03 1.16481338373024257e+00 5.85733993668723085e-02 -7.52600916959902499e-01 2.91520180658478255e-03 -3.71052794529583840e-01
2.25715336839072724e-03 -8.63704034033975998e-01 1.10445364351488351e+00 -5.24879870240520865e-02 -3.13423868967862840e-01 -6.97483493131369592e-01 -1.95913483751578105e-01
5.59434217895903863e-02 -1.19101568700622251e+00 7.68355605487944349e-01 4.69854601684887019e-01 -2.72606402064857145e-01 -5.34032103965011995e-01 4.10226541547268203e-02
6.66389694338440954e-03 3.91861201246256119e-01 -4.73509606027478935e-01 -2.63020571436338516e-02 1.09142676125850491e+00 6.53731135083098880e-01 4.57890891468130778e-01
1.76751062845175388e-03 -2.55857904498222155e-01 9.55521848955883990e-01 1.85035911715754398e-01 -1.04047542201592602e+00 -9.01692075976483626e-02 -1.57258359446625015e-02
3.25137988135454836e-03 1.09048730469883837e+00 -3.62272434544077870e-01 1.30470964701624587e-01 -9.66340808124836748e-02 7.50152639686508582e-01 2.70650758934703584e-01
3.15492798049755163e-02 7.25077649916967104e-01 -1.28558403139160421e-01 -8.00322288303994059e-03 3.10358976238818196e-01 1.09337650309933876e+00 2.03084259354771896e-01
1.42159808272698474e-01 -1.76074539036210287e-01 -9.82312313184897867e-01 -7.37730183828111535e-02 9.92801788463570922e-01 -1.40902537794488303e-01 2.20445881869191201e-01
6.70798347696145769e-01 -2.32363276383555889e-01 -1.05089679892576049e+00 1.69059452133221988e-02 9.21919651282672281e-01 -2.75007688776628012e-01 3.05654126229398748e-01
3.02899704096596278e-01 -6.62044538645788716e-01 -7.70699390118546601e-01 -3.14195219607030785e-01 6.48161988997885019e-01 -4.58037669687991700e-01 2.23809262284419608e-01
7.87781391642493507e-03 -7.97690745984382388e-01 3.63815490112434359e-01 -7.20252640059560467e-02 -9.74061774015466814e-02 -1.19816099579081925e+00 -2.37720471479825418e-01
3.53849982255387014e-03 -9.18110351639064182e-01 6.33580793084315419e-02 1.22587605094224686e-01 -6.03117344298041147e-02 -9.66011670398006506e-01 1.59198499046153491e-01
1.53813352376717560e-01 -1.53528519238602702e-02 -7.10931102562228912e-01 1.57949803725820487e-01 1.23433294155298690e+00 5.83394947575048284e-02 -1.24579497560553823e-01
6.96126473960174356e-03 -2.55168294003749352e-01 8.73842550459228096e-01 -1.19905957395863225e-01 -9.93435075860850336e-01 -9.86315838628490232e-02 1.66677991180388285e-01
6.49327835890555968e-03 1.12971993732653653e+00 -9.69998482334829326e-01 -1.75488781063596000e-01 1.91793859102561470e-01 6.19347237191795963e-01 9.46083368849250789e-03
4.74259908903048623e-03 3.35411974971989213e-01 8.24304427146126173e-01 -3.02483522536630300e-01 -8.42072709939564512e-01 6.09111627249824927e-01 2.48555236567304494e-01
8.95000827137595358e-03 -3.18727743829801957e-01 -8.13967526838568212e-01 -2.73105791363569217e-01 9.55844228155963704e-01 -9.55232680437420739e-02 2.76917709479482077e-01
1.47844544048982340e-01 4.83538549908981208e-01 1.05932222946973353e+00 2.64764839487646488e-02 -8.28382743664848209e-01 9.90928249724197796e-02 7.45999300902030343e-02
3.44707383788694271e-03 3.61580118418430629e-01 -4.20459964723431334e-01 -3.24763051838576899e-01 1.10683080519999089e+00 8.38766416180661945e-01 2.57802483130044890e-01
6.85180407520530940e-03 -7.88527044258875320e-01 9.07177265016541945e-01 -3.11690342743529192e-01 -7.74759542103081067e-01 -3.51013759251678992e-01 2.43760954801815588e-01
1.24977542860486318e-01 7.64419402203273202e-01 1.59343860263222586e-02 1.89752275908900592e-01 -3.84544779906758394e-01 1.04104388998706976e+00 6.00771194768706454e-02
1.71739429398697074e-02 3.90088778553294296e-02 -8.14304826790974823e-01 2.07005017958350385e-01 9.72178790345876287e-01 4.90583170966407300e-01 -1.30304934595563915e-01
5.99717910666282550e-02 -9.78775433364823422e-01 2.43786320307608884e-01 -1.85266715347519401e-01 -1.79043811034020728e-01 -8.47822854159533068e-01 -2.94446488114851634e-01
6.88008194566246067e-01 -7.97704984825753249e-01 3.79529104594453437e-01 -4.74209377683025429e-02 -7.46382219614691533e-01 -8.29559980326224133e-01 5.54134768629169008e-02
7.99983958272307727e-01 1.79753607341810229e-01 -9.59350146353466937e-01 -1.66600581661082603e-01 8.61851681451956453e-01 -5.36016790216344921e-02 -1.13965168228246413e-01
2.68029580794935350e-02 6.58080114036148522e-01 -6.49476432320018837e-01 2.18589978200179585e-01 7.48196187869623386e-01 4.08674555864403710e-01 3.82081241859340892e-01
4.62764961352447012e-03 -1.75171968076126089e-01 7.62712123797920527e-01 -5.87240267834383822e-02 -9.79207867210969862e-01 -4.95979169415769083e-01 -5.55768358333724455e-02
2.42472380778390199e-03 -9.54778025834732147e-02 -6.88802908461136343e-01 3.30496965154852607e-01 8.46884506420698902e-01 -1.90726203460201305e-01 -6.61936437409357148e-01
5.64494725719193319e-02 -5.74808286750522202e-01 -6.87142925085934997e-01 -3.14895464792788016e-01 6.53402607324615969e-01 -4.82575493528477228e-01 -5.58363614993356849e-01
5.78758198133622170e-01 -1.01056055969573858e-01 -8.81252537806920144e-01 -1.03028657027480819e-01 1.12985990881629306e+00 -2.03555352880802509e-01 8.88907215392694405e-02
4.69774702522114951e-01 -8.02087401807820566e-01 -9.60741032737508910e-02 3.88170524595904884e-02 -1.01469569135758719e-01 -1.14181261770116738e+00 -4.06002730866443728e-01
1.21590456719086401e-01 3.40448162924086195e-01 9.33959339744318218e-01 1.11055077176212685e-01 -7.55907688067486316e-01 5.42150533848297367e-01 -1.22546064234789018e-01
6.39403016345057723e-02 -5.15967580564878681e-01 5.53531628413452381e-01 2.54580317117967914e-01 -1.06738517143044009e+00 -6.64958081612370244e-01 -2.05245239583641215e-01
3.41998570539837066e-02 4.87319433300641702e-01 -1.13537506942410737e+00 -3.03447787174783101e-01 8.39114303925935223e-01 3.03983484056021824e-01 7.26537453338911843e-02
1.48666270537525624e-01 1.13891121427468090e-02 7.98206927237735675e-01 -7.99889877331944887e-02 -9.75091899720839872e-01 -4.60697721008067829e-01 1.73132701113437981e-01
3.19739993790930099e-02 -9.97917605445297506e-01 7.73495316962374724e-01 -2.47166690100529218e-01 -4.09109732896199507e-01 -7.27476041967256681e-01 -1.52981330528213916e-01
3.82816488092753166e-03 8.69700932065244681e-01 -8.49132937561664969e-01 1.58738753379697284e-01 5.30952461444632595e-01 5.97732298698480657e-01 3.20510051762700865e-01
6.97540395825590909e-01 -6.37999119278652271e-01 3.20170148882586936e-01 -6.32143696647713138e-02 -5.53843750213149688e-01 -1.00924299237555926e+00 1.81852549395995905e-01
8.16810329018143218e-03 6.68434105058610006e-01 -8.46803804481961464e-01 1.72334714516572396e-01 4.81662753708284597e-01 5.70681715904571951e-01 -1.25946249269596799e-01
1.81891575177718333e-02 -7.21953335353113013e-01 -6.62167488528834364e-02 -3.07596542680321702e-02 -1.59496455740103127e-01 -1.15735197367305331e+00 -3.30667545800269247e-01
4.96264987551792418e-03 6.82942330695728184e-01 -3.74200425932773251e-01 -1.36004017073155098e-01 4.18623702855574265e-01 1.04078751017074778e+00 -1.47299302305392399e-01
2.29711091787028867e-03 -1.03438722026814456e+00 -2.92751423112345421e-01 -7.80594763595478802e-02 2.99910574011109154e-01 -8.85084553347608938e-01 3.71511251344228244e-01
4.54659887436071386e-01 6.84939825417515635e-01 -6.12261926036173354e-01 -1.02937267242912717e-01 8.37169082737343140e-01 7.75785933832932484e-01 1.34927139951586395e-01
1.42501924319569911e-02 7.55681745733460808e-01 2.75321742775161138e-01 1.46229170319148088e-01 -4.23969909797344335e-01 1.18409051784885966e+00 -1.81555379736835915e-02
5.34495252773993859e-03 1.54208445158574836e+00 -5.17880191345958418e-01 2.76814031005306715e-01 6.95887348046722448e-02 6.59604787843342422e-01 -3.40032468942311622e-02
1.76048628306377849e-03 1.12208607230707735e+00 -2.41575243092701127e-02 -4.06006328261547089e-01 -3.38303048490853700e-02 6.52070354668240593e-01 1.44355223593121695e-01
3.26080173564186615e-01 -2.57520666746936855e-01 6.73461226930712753e-01 1.05090774042427573e-01 -1.15693818424524508e+00 -3.08885982671523396e-01 -2.08919668606654119e-01
1.59153425778519935e-03 4.94846064071648439e-01 -6.80639512088515919e-01 2.47638628713963305e-01 7.88620440492089347e-01 7.06652248944576233e-01 1.18931871410114381e-01
3.44399084774102762e-02 -6.17444578122508747e-01 -1.01580026720345451e+00 4.21388516590622320e-01 6.90668570249233005e-01 -3.97302727200052885e-01 1.68517824413558392e-01
3.56294340682807437e-02 6.53048353814486782e-01 6.23958461249861762e-01 -1.59504885317709594e-02 -6.82546226319109994e-01 5.82174772300869670e-01 1.19099780754366086e-01
1.15646683060590984e-02 -5.82796330070617263e-01 -1.22113524062595527e-01 -4.00405702774945527e-01 5.06825739452628210e-01 -1.02666143289207334e+00 4.28226617116513053e-01
1.72396818418280419e-03 -3.06499935029495296e-01 -5.05087437341990020e-01 -2.45708024731214197e-02 1.49753234015311798e+00 -9.86014579051527201e-02 -2.17568890260089604e-01
1.02634260511666933e-02 1.27469921068304320e-01 -7.07590093231440398e-01 4.84975251865781387e-01 9.98424654163966752e-01 1.64482833007778800e-01 2.22915854334648694e-01
1.59696863486868479e-03 4.08044884487195447e-01 8.84091780227045931e-01 -2.27219257285993403e-01 -8.06397404331756107e-01 4.79553023241659382e-01 -1.96224278322126716e-01
1.27793307950133236e-03 -7.26061975967817519e-01 1.22350854703643083e-01 -1.66596834612330713e-01 -2.85361525759588508e-01 -1.16328069982660631e+00 -3.33364332169544419e-01
6.83012214599162504e-01 1.11444289941946639e+00 -7.68469815415793289e-01 -6.25096497474561946e-02 3.40347074008535255e-01 6.84843390152751530e-01 1.65142171260689308e-01
9.77282472323934503e-01 -5.41855073530521536e-01 -1.94290000600964213e-01 -7.45926783505890673e-02 3.84281188672153995e-01 -1.36727269300261622e+00 -1.81219813430517407e-01
1.99403071578582114e-01 1.02831924635893435e+00 -3.49734058348533772e-01 3.28448544057045488e-01 4.08140959575413909e-01 6.40545777478120582e-01 5.02314508333802534e-01
2.80564023837538961e-03 -6.36722284965945268e-02 6.68300792570449276e-01 -1.28655540766254017e-01 -1.24840883417805593e+00 -9.19879070442292252e-02 -3.27644025327329447e-01
1.32884669402559864e-02 7.36275924495758183e-01 5.52254366931893226e-01 9.08177310239783320e-02 -4.04823771880406191e-01 1.08260705670412971e+00 -2.04404677445196692e-01
4.15134199861212569e-02 -6.11808384620001422e-01 -2.32113796838159719e-01 -2.06644218578098698e-01 2.39342808818299377e-02 -1.24248702786797938e+00 4.17585073836755860e-01
2.97140159950008455e-02 -6.39300765809550309e-01 -3.37223219758961856e-01 1.35579351405074905e-01 2.50140967938877079e-01 -1.23371499961687725e+00 1.49141014185003890e-01
4.30239900662862055e-03 5.55706997032529348e-01 -4.31669553994901367e-01 1.78684930700909295e-01 2.79603846413857493e-01 1.18472665079692674e+00 2.09031020648104082e-01
1.33667773532803152e-01 1.51198282489943736e+00 -8.41950416022035492e-02 -2.22721839254445109e-01 -1.13812749882465716e-01 5.90567366085276713e-01 -1.64030685391830994e-01
5.31224142222518694e-02 7.22985627794146657e-01 -3.31841716451600766e-01 -2.49610525572017600e-01 6.18868053239560956e-01 1.01722492841175072e+00 -2.05103657013213127e-02
4.56266409279556306e-01 6.65832959163672022e-01 4.31407726822249260e-01 4.16058348006358991e-01 -4.54474366193827528e-01 8.61484561156739881e-01 1.81502339154699988e-01
5.50834347496262144e-01 -9.07171335501933296e-01 -8.68259839766179708e-01 -6.01564832655021697e-01 2.91683830332840455e-01 -6.77591155644597931e-01 7.99357279281171784e-02
1.64293926381699311e-02 -1.85161581938310366e-01 -5.26688331216900285e-01 -1.10868574782065327e-01 1.39355395570098595e+00 -4.15666251873252401e-01 1.72727767429244505e-01
1.04372200111737361e-02 -1.27597553299899691e-01 -1.17703714888547539e+00 -1.61980745997708009e-01 8.36765169444924739e-01 1.74603667908371091e-01 1.30440951374023284e-01
2.93750694434314783e-03 -5.58910761643731657e-01 -7.51134604025801678e-01 2.70961262619450916e-01 5.50612612942388835e-01 -6.31521784512688367e-01 1.19734747157746374e-01
3.92677385702276172e-01 3.85394462131448401e-01 -9.64350082474163650e-01 1.23891395287190675e-01 4.90290214336730590e-01 9.20319327523875907e-01 -2.03942124557493415e-01
1.47204276045733301e-01 -1.02651838780720950e+00 -1.16717175564588649e+00 1.99095682089180687e-01 5.73712730421929828e-01 -2.20829321231813092e-01 8.43129619932312807e-02
5.24250356654983429e-01 -1.13245234907617662e-01 -6.29721709531723350e-01 2.45566977900219197e-01 1.23468197114353195e+00 4.83868164915190691e-01 -4.27021335991926321e-01
7.75332961157932099e-02 6.66529215320524004e-01 -6.92159590887833520e-01 -1.84528598136092820e-01 9.47731620698815669e-01 4.48337297878908581e-01 -1.71458610740987394e-01
3.25827501800025288e-01 -8.17643877578478451e-01 -4.25706616349962597e-02 -8.94790845828994652e-02 8.74045597318551248e-02 -1.21859612033409026e+00 -1.19944309435331214e-01
2.17410624844633672e-03 -8.34206027345017920e-01 -2.17668705434272414e-01 2.44662688613809104e-01 1.65551268122199974e-01 -9.50080448132997302e-01 -2.71833543223258312e-01
4.09727282647087965e-02 4.74699471323342503e-01 -3.30347041764857241e-01 -9.33921060591819674e-02 4.47950495097574508e-01 1.35096916810887868e+00 -2.27729566191368117e-02
1.12145705759941565e-03 1.54931661634937834e+00 1.21455039702469195e-02 3.77734552570809679e-01 -2.23669757025552612e-01 5.73012037331045443e-01 -1.49819965563793900e-01
2.57831725070852245e-02 -2.26865282727097273e-01 -9.42965699965274129e-01 8.40490914165380187e-02 9.20821384631686057e-01 7.01269640665915656e-02 -4.52824960343276406e-01
2.66124083540954626e-01 1.29088058749079937e+00 8.61760919089959582e-02 2.05236631931494995e-01 -3.70515655313577996e-01 6.96159106652768700e-01 -1.94994308135873512e-01
8.12458083831769429e-01 -1.76061380939678075e-01 -1.32763919403405151e+00 -2.28102826889488908e-01 7.99441414197378908e-01 1.18059457323713216e-01 2.03862967176193982e-01
4.07400814377772806e-03 1.09540820012275653e+00 -7.66318104309452908e-01 8.42958330854544080e-02 3.93590482767223804e-01 5.65086787081499176e-01 1.75466936569355386e-01
1.94251330635770436e-02 6.08311132523687736e-01 -4.26751123666831766e-01 6.73268882100256372e-02 4.34653863830937404e-01 1.05517168706103859e+00 -8.47261068025334935e-02
8.54265494035529593e-02 -9.46704471870741249e-01 -1.64863091667549116e-01 1.35450215833509302e-01 -1.77175625853426527e-01 -8.50426703292212149e-01 -1.79637445137143692e-01
1.27066826407649935e-01 -6.64323325519423857e-01 1.43098732211496649e+00 1.10232727304326775e-01 -6.19220526406752181e-01 1.33301429854184306e-01 2.42132963864837208e-01
1.93222728448158299e-01 1.00437083396093851e+00 3.73409529634563031e-01 -1.29742934292108314e-01 -1.98485721495360617e-01 6.37381833032353295e-01 -3.44194922724379626e-01
3.52754798025507965e-01 -6.25347363935725320e-01 -3.74874588410948173e-01 4.28550320781926133e-02 6.08273316570975608e-01 -9.42110955963841867e-01 4.51541107339504588e-01
5.52057428168446773e-02 -8.76635873816144495e-02 -9.34002406951543573e-01 -4.73869411452075784e-01 8.15752404391774655e-01 -3.46421143778073093e-01 -3.55955485686243023e-01
2.68807690997796070e-02 -5.47823329330504039e-01 -4.77935674408116073e-01 -1.44510061459777212e-01 8.47545608514228888e-01 -7.94810781199458916e-01 -3.72875452759359391e-02
1.08695066930694509e-03 5.58574527423621348e-01 -9.67841320177629694e-01 -1.46842653388005506e-01 7.89445858607768725e-01 4.95236265708120682e-01 6.39593910678424860e-02
1.38050416562373490e-01 -6.71683726992081676e-01 -9.48704815318967998e-01 -7.87276790926642600e-02 4.58196817105656962e-01 -5.06878002423031271e-01 -3.40952382083072159e-01
1.76050802095144843e-02 2.22849757967980233e-01 1.13504860241621963e+00 1.20736812916160882e-01 -6.91157735879280311e-01 1.32274823000345709e-01 -1.33128955505558616e-01
2.10016387776615562e-02 -5.05708261655819502e-01 6.64930756953738822e-01 2.84988879975063614e-01 -6.37423711389587866e-01 -6.24610766459009592e-01 3.39546289184216477e-01
2.07541381468438540e-03 1.24890038987478236e+00 2.20223757735816789e-01 1.64787227586791096e-01 -1.10633458768301024e-01 8.05217901638021205e-01 2.91447246507635371e-01
1.79600521974089869e-03 -1.95271493592148182e-01 5.93574182392007321e-01 -1.14330331823533124e-01 -1.41710736692522299e+00 -2.86924965733124482e-01 -2.31190291385523800e-01
6.25274121292185847e-01 -1.02243041897383158e+00 -1.50563024430531628e-01 1.25181361603230401e-01 3.00503686707535855e-01 -7.55936016992461379e-01 3.60872742530916668e-01
4.66982889188337878e-03 8.37691422554774467e-01 2.02188162011251366e-01 2.32682349157980889e-01 -5.59835350648145047e-01 9.15841614914811419e-01 -2.39382892109003709e-01
4.69352768402424847e-01 5.79152204166981543e-01 2.43196074760880288e-01 -4.35921169278984319e-02 -3.83517627911721892e-01 1.29699020081505667e+00 4.38590994916574148e-02
3.15751654273670797e-03 -6.95122297514582765e-01 -4.86932674937194943e-01 -4.92902946797064631e-02 5.88803962716751950e-01 -1.03528052916757130e+00 2.20485526340105292e-01
1.29798636077141427e-01 6.38517820895557420e-01 -7.76219195546636598e-02 1.02050303557186875e-01 6.21769998756312670e-01 1.31983625247236569e+00 4.67466150810547793e-02
1.19227159737879937e-01 1.46247950900089935e-01 6.40776972300414527e-01 -4.32342349517015265e-02 -1.24236785368876901e+00 2.80319970537855678e-01 -9.73011232092500788e-04
5.17380653553564749e-03 8.10868566283958647e-01 7.10015822452425560e-01 -5.40816602207982000e-01 -7.33309612363356234e-01 4.11558637027488072e-01 2.71147775527040169e-01
5.44975663027514809e-02 8.93713268086527624e-01 3.99183710051104479e-01 -2.68791451946825896e-02 -3.82102661676948618e-01 8.89267364952893935e-01 -8.51966137791459674e-04
6.38002953981802401e-01 7.19451529356229913e-01 1.25628379074691376e-01 -3.57929471866085591e-01 -4.09926170231406206e-01 1.08937636176262376e+00 1.73523544532510742e-03
8.92163928151446933e-02 9.00790624334322332e-01 5.42406510678113851e-01 -3.54128810546072925e-01 -3.70187917634501207e-01 8.74740584820747791e-01 -2.66481967513153110e-02
5.49363913814534643e-01 -4.74069653407495351e-01 6.57005779734889384e-01 3.22777488948971514e-01 -6.74881496108777124e-01 -8.50183380652284715e-01 -5.78469645701394850e-02
1.16416000572602152e-01 9.29348958574693018e-01 -2.31566050937794220e-02 3.45490060874822369e-01 1.91032335516579971e-01 7.77077785813543698e-01 4.54843948431108480e-01
1.41725930240483369e-02 4.50038794024303135e-01 -6.11549925126991578e-01 7.25567012456882904e-02 9.34940934486070629e-01 8.07088076803265553e-01 3.00956379118318962e-01
1.40554350962754232e-01 -2.96900130626001568e-01 6.79182015626134783e-01 1.38124231539850706e-01 -1.31462944543459503e+00 -2.24829653033129212e-01 -1.76800857442968418e-01
2.11164926807810025e-03 -8.55418332246886237e-01 -2.79941799889338750e-03 -1.26666978446435707e-01 3.06822749804346873e-01 -9.77495476386664119e-01 -4.15894244424481613e-02
8.72992599523283341e-01 -7.26440430267525250e-01 5.69143554195422396e-01 1.50746848822190999e-01 -2.58163670109891330e-01 -8.90430751556715028e-01 2.56287877834151079e-01
2.67570146843019042e-03 -4.88577155466545676e-01 -3.96277492190002134e-01 1.03816972169934879e-01 6.63002389049186625e-01 -1.17933347321951532e+00 -3.64101525771218723e-02
6.05256119024608408e-01 -8.38062485675859392e-01 -5.77720822581291871e-01 2.50772095245557380e-01 3.41925261551862592e-01 -7.74219589695507082e-01 1.96194981973915605e-01
5.14540383649065070e-01 1.20095930477646939e-01 9.10112726349325718e-01 -1.52270850152588316e-01 -8.68472905306433840e-01 -6.96216254600229181e-04 1.44998407419513281e-01
5.46022933676466871e-03 3.53223922703756466e-02 7.42763556652419221e-01 -1.50807903544232583e-02 -1.21360119807202493e+00 -1.37182080476621393e-01 2.65359626820564493e-02
1.58290550555833714e-01 -7.41529564111808259e-01 -1.93247710561529812e-01 -3.56210309909159695e-01 -2.33230127848911922e-01 -1.14538874001082025e+00 9.74044483626071433e-02
1.76902939737611613e-02 2.21171092130622110e-01 1.08829994575752864e+00 6.11125717564586710e-02 -6.33091510734507867e-01 3.83453817412928111e-01 4.99045321457865176e-01
1.93762987950927314e-02 1.29091836437917551e+00 -7.89319083735437244e-01 5.87725039201988098e-02 4.47274378744117407e-01 5.61994477302724560e-01 -1.59107525802073296e-01
7.77933357242225620e-02 -3.08009926627891895e-01 4.61542700399404870e-01 -1.92727298983383699e-01 -1.48241453851707505e+00 -4.47177827106964410e-01 -3.64801207672364944e-02
1.05281276286983116e+00 -8.75772339083548568e-01 -2.37627003434298434e-01 -4.02177940749268228e-02 7.51976079981734047e-02 -9.29821524143637612e-01 1.73329275463038890e-01
9.01312693365688422e-01 -1.32285531865444050e+00 5.81669936161974710e-01 -3.36480205246967923e-01 -5.00076944565165160e-01 -4.44219009814071697e-01 1.75180983274015392e-02
4.07754542287307245e-02 -6.29859449580948416e-01 1.74882961132052483e-01 6.74144377446660170e-02 -3.71213832406772026e-01 -1.22883958999566834e+00 -3.51685276286388460e-01
3.17713770675799867e-01 8.32506783788253046e-01 3.56007874401245761e-01 -5.17357359966090988e-02 -5.62685262462590097e-01 7.11189520484060034e-01 1.55737145912681008e-01
4.85602346885878125e-02 -3.80919282609162926e-02 4.99087830857250336e-01 7.85188132417711238e-02 -1.48201039197264506e+00 5.49438750386526564e-01 -2.30506698890057815e-01
3.81852889734849918e-02 -3.96067519187072059e-01 8.19225339758643645e-01 6.12326593940028530e-02 -9.64170767958299813e-01 -4.24183030687929508e-01 1.17322251038475076e-02
1.58901474240660747e-03 7.09891449037164168e-01 7.38464151766350940e-01 -1.39589532876114808e-01 -6.82902751294780397e-01 3.04644229283663470e-01 -1.71006873247111613e-01
3.77555272703466560e-01 1.23246602970673536e+00 -4.98717316723270132e-01 -5.92160353167718589e-02 5.00285108154693514e-01 6.73733664511815489e-01 -1.76145491754611305e-01
2.16230982385844824e-02 -7.10028899721373952e-01 -8.00550959037676035e-01 2.31012207716920992e-01 7.94631724813490314e-01 -3.55106428885967496e-01 -3.71561633739067254e-01
5.24113911965285451e-02 -6.53720212193441341e-01 6.48430205061518272e-01 -3.58349595821684866e-02 -8.33600278899911840e-01 -6.29730391659988786e-01 5.86942601382793305e-02
1.71330984349969198e-02 -1.10024212243522967e+00 2.54791992756893959e-01 -3.22158664333251632e-01 3.62237375658125194e-01 -7.10995432055934740e-01 -1.31136108446928218e-01
4.39710391856886536e-03 2.43102007377277912e-01 1.21005840456117952e+00 -4.64273514844138591e-01 -7.37659650572064174e-01 1.89286200100733687e-01 2.89527545296974553e-01
1.64369689532530461e-03 1.26124447409960538e+00 -5.63220405804122359e-01 6.12529454250891003e-01 2.49788486173337876e-01 6.68948476948192039e-01 3.35525030901700078e-02
2.71652450326141277e-02 -7.67333291770003645e-01 6.70569171358664784e-01 -1.33180484855219411e-01 -3.19261372953853095e-01 -9.37768265734655326e-01 -6.16760528254442497e-02
1.68196169878125579e-01 1.05999530699693145e+00 3.60585696550070944e-01 -1.62195822553650892e-01 -3.12765226453129042e-01 8.99852480821745071e-01 -3.46466859889696041e-02
1.70852223617441262e-01 9.71892243198319794e-01 -1.12427103334577210e-02 1.81088531342992382e-01 5.51370844606874577e-01 8.12416405171035305e-01 -2.05789556657575215e-02
8.28902409559014071e-03 7.40689010354297905e-01 -8.03935044403645716e-01 -2.63191392970274496e-01 4.98170402524205858e-01 5.79728641646530485e-01 -2.71659900672263754e-01
9.49386517433978949e-01 -5.81904855217709183e-01 -4.44532915783298621e-01 -2.37237867459794798e-02 7.15930550821884060e-01 -9.18705412920452491e-01 5.10048740450585680e-01
3.16769013929505544e-02 -3.88354505370758052e-01 5.78787299982198356e-01 -9.45710916336293395e-02 -1.24053740560017411e+00 -3.17939731806361314e-01 1.17185458767873285e-01
2.72682002525344823e-02 -1.38408216141366169e-01 -4.26766802998610639e-01 -1.65024450884049094e-02 1.86511518249654196e+00 -2.71477519433559911e-01 7.32166217777179690e-02
7.03853055839510633e-01 6.69581117665015046e-01 6.91170424539148898e-01 -1.32787316479699796e-01 -2.99921907859112491e-01 8.05160207120062754e-01 -3.98717893226329043e-02
1.25429539261152963e-02 9.75801300482383560e-01 -4.20186107395481082e-02 1.23317364823116379e-01 1.64922147268069891e-01 9.76406678902202896e-01 -1.80539779854178212e-01
9.38262465614355529e-03 1.46535911221992415e-01 9.08038886395409972e-01 -1.60351046885598619e-01 -7.60503975791236075e-01 4.43485378778810724e-01 5.32351839134223223e-03
2.61337201598920571e-03 -1.19473352650760556e+00 -7.73391601611684187e-01 1.69954056061592720e-03 1.79576084776698675e-01 -7.29939217339955371e-01 -1.35886257283314715e-01
1.51746097852610670e-03 -3.20404307551469758e-01 -7.48371126321410229e-01 5.11647594364314395e-01 8.34803148046597721e-01 -2.80162810460655776e-01 -4.95962635071392349e-02
9.17739981405068406e-01 -1.25732897186557169e-01 4.54417508897144551e-01 1.01036908429419786e-01 -1.58531928954306101e+00 -5.69811659817184513e-01 -1.49318440311267508e-01
4.12193782276894183e-01 8.72207439035793564e-01 -3.94278116722837857e-01 -1.04000891662241926e-01 4.65873781907330697e-01 9.29977978204739375e-01 1.09050977324948478e-01
2.47380465515583708e-01 6.10288063709477080e-01 -1.15577533055271922e-01 7.08152091750305912e-02 8.88349623250801051e-02 1.31595171782242670e+00 -2.40110969499397114e-01
8.83322749400771712e-02 -7.89919588537882911e-01 -1.86145586600349217e-01 2.76276788418241019e-03 2.02784864081575589e-01 -9.73628197329646672e-01 4.26437721385032387e-01
6.35963747352487618e-02 -6.68847119689180425e-01 -4.11866970184759304e-02 2.43372235304918187e-02 1.69093000554557171e-01 -1.28880433240457837e+00 4.24758108395173140e-01
3.97557559077424183e-01 -5.11123166249693894e-01 3.65914340216065170e-01 7.62514384265464834e-03 -7.94890084574299660e-01 -9.19250126870474471e-01 7.54416391421479204e-01
1.86803780918837592e-01 -8.64949632282883907e-01 -9.78679617576998506e-01 5.09367258079571131e-02 6.44459027783845784e-01 -4.82726710385537716e-01 1.07726131401188877e-01
2.69649976059228857e-03 -1.45289062756502774e-01 8.92391740992464877e-01 -3.78074422777796779e-02 -9.78414693522530854e-01 -1.84045633431158012e-01 -1.06433597781766517e-01
8.51091129947689935e-03 -1.38753963188621365e+00 -3.25952093090684569e-01 -2.37503025142931812e-01 -1.28387934460223008e-01 -5.37742513820280155e-01 4.91909573545109391e-01
6.17962181211698276e-03 2.75708075157852506e-01 9.18439073214326718e-01 -8.68533636535506470e-02 -9.79019494611835683e-01 1.29603128348474705e-01 2.97420775474339684e-02
8.49511341268263144e-03 6.93652899363267572e-01 2.78795697251726260e-01 2.80749600110293485e-01 -4.53920138392525596e-01 1.11369916962427973e+00 5.32618972018502057e-02
6.11927570428848818e-03 -7.14479957989364256e-01 -8.05284435139115962e-01 -5.16539839750167817e-01 5.33305561895757063e-01 -6.50462218227723987e-01 1.51455049711983585e-02
1.21248063374686981e-03 -8.29891259714190199e-01 3.95548752991634334e-01 7.60235407925805018e-02 -5.80799690512243005e-01 -8.96871873824181987e-01 -7.78210270144542582e-02
1.38184150536613476e-03 3.98562793246236335e-01 -1.18753616066264733e+00 -3.01587499836792727e-01 6.86935726959065351e-01 5.50745991378235211e-01 5.87002380107304253e-02
2.00597960505211927e-02 7.79381134031211231e-01 -3.06618716408851244e-01 -2.61093620599056990e-02 4.19746040857798375e-01 8.63891669315897448e-01 -3.63093941044735857e-01
1.47317569880977845e-03 -9.42311541358073157e-01 4.27134564001351469e-01 -2.40101776060781202e-01 -3.00561796969898209e-01 -7.55793734558966146e-01 -1.06165665154398625e-01
2.87453888963449524e-03 5.39463088393916212e-01 -2.88274009461889469e-01 6.38841485577984480e-02 5.26584631416312399e-01 1.29997707614268876e+00 -1.35987512399989907e-01
1.10655195527719255e-01 -6.88400545746694847e-01 2.27429394808172175e-01 -5.87750496470614212e-02 -7.27136030314609605e-01 -9.07187291462202561e-01 2.30427846031218991e-01
1.29595696880978935e-02 -5.28005262662678221e-01 1.09555278979403559e+00 -2.19660373420849209e-01 -6.30741101911696744e-01 -3.87632728104591429e-01 7.43793429474896017e-02
1.15041704401043204e-02 9.03216120873131412e-01 -1.14236322389271239e+00 -6.55890480051260383e-01 4.46767409026069595e-01 4.50358615537538975e-01 -5.35153903160782013e-02
1.65265374521716903e-03 7.04770001564068327e-01 -8.16054894074655479e-01 -1.72691395826987892e-01 5.45223787815796279e-01 7.10365618224791717e-01 -9.73358168378608696e-02
1.96033671061530773e-01 9.01512652462566955e-01 2.14938701895120488e-01 2.69803810445055581e-01 9.65982415424282426e-02 9.26141309923307787e-01 -2.19599069869265612e-01
7.89171860044019180e-01 1.28209393061293153e+00 8.77389662217248345e-02 -1.47690825400266318e-01 7.51904396334262398e-02 7.30624985852396325e-01 -4.26284198918865709e-01
5.71390275173408718e-03 -5.28436237428458799e-01 4.35328596271079671e-01 -2.93997930766982496e-01 -9.78044074080542281e-01 -5.43481142519454341e-01 2.15938265334362889e-01
1.49001137754743653e-03 -8.56900773536585114e-01 1.77144868999465077e-01 6.03119219761725986e-02 -2.52493060945739700e-01 -8.31363566432008483e-01 -4.49714073609332909e-01
1.38541207254082952e-02 3.37155738352578005e-01 -5.61282790044151381e-01 -1.31172131445424195e-01 1.24329295231229997e+00 6.19495185901076439e-01 -2.17769163955454093e-01
5.19900326856872708e-01 -1.00317987151510546e+00 -3.23334157155144630e-01 1.57579466219238795e-01 1.54932945432809693e-01 -9.16241836718416969e-01 -2.32942762262939612e-01
2.10238379378882012e-01 -1.23361948766876867e-01 -1.02092487957443945e+00 1.85978687195851589e-01 9.05866174090800058e-01 -4.01068939920823597e-01 9.23759782484958741e-02
1.72428605886317726e-01 7.50157883171454820e-01 -6.76469084381311925e-01 -1.64582946840101496e-01 9.26989940830856507e-01 5.14334102502677526e-01 -5.24019898234107731e-02
3.24404670308022447e-01 5.94235420570013106e-01 7.57035425214717117e-01 -2.06310999968584818e-01 -5.99815267198860802e-01 7.78796486602975402e-01 1.75217049413907006e-01
4.91069828882502793e-03 -5.92321164689591506e-01 -1.19467770905327830e+00 -2.37117993202628496e-01 5.03850917859713254e-01 -3.77901257279828706e-01 -2.13811028970928796e-01
9.83288984770159212e-03 1.14716571448574634e+00 -4.66355374989054827e-01 -7.23345521528620250e-02 7.04878007440751575e-01 5.43647525523268560e-01 -3.29881050151755936e-02
6.16660478019790625e-01 7.54187780702859772e-02 -8.93237917551310212e-01 5.98220726375360168e-01 7.63496984896752440e-01 -7.35356828028002202e-02 -2.29357109750917137e-02
2.98081388242771472e-01 -4.53151304340356498e-01 1.17801388437017263e+00 -7.22288220928859748e-02 -4.25143574602677821e-01 -7.03199593519390986e-01 -1.10475527252056616e-01
2.99915955768939313e-01 -9.64458291520260302e-01 9.87225802011899911e-01 3.61826190613601495e-01 -6.30919805813831003e-01 -4.53633292668760180e-01 8.31003175765834649e-03
5.61981133803798882e-01 8.98167825556351329e-01 -1.54769093488459006e-02 1.55782623141150794e-01 1.24766830116237279e-01 9.01747098130907587e-01 3.27154378980719251e-01
1.42599326765486026e-03 6.34827926004756682e-01 1.06575940091869076e-01 1.94820900489045185e-01 -9.31304483313439152e-02 1.28554480564425377e+00 3.86770712501346980e-01
7.57458309825267354e-03 4.40730030995035549e-01 -7.23534333274980068e-01 -6.28319930404738353e-02 1.09410172953226792e+00 2.80830960066005386e-01 2.40606084646122903e-01
5.48777290531310153e-03 -6.46689143371527386e-01 -5.33763500397277713e-01 3.62924550960087189e-01 5.38848867335254389e-01 -8.92407251796637824e-01 2.41394180538195308e-01
3.03633391040089747e-02 -6.95899176159829658e-01 -1.12383623034502844e+00 6.60561677042265927e-02 6.85052661632427617e-01 -4.46542632501042480e-01 -1.54432363378663395e-01
4.99459800682180433e-01 -6.35599856485682180e-01 8.22678132348137914e-01 -1.82821864919964300e-01 -8.08048506730407956e-01 -6.12265502851144561e-01 1.41598686731382400e-01
1.10875063961012096e-02 -1.11930415048542065e+00 1.18397771450046752e+00 2.82824338405160081e-01 -3.46473242985811503e-01 -4.53094884039394186e-01 3.63060582744050286e-02
3.14567441789534398e-03 -9.40714168487833124e-02 1.12036774868926470e+00 3.79900861124291500e-01 -8.43932163298692251e-01 -2.47294607693484908e-01 -7.28757437699414506e-02
1.17763338340529239e-02 7.23832903174660980e-01 -5.16983491206450152e-01 -1.36404597637859892e-01 4.71921970744892672e-01 1.03554126587286466e+00 -1.96402135568256003e-01
2.30829234747488080e-02 1.67445091711973748e+00 5.48612539539673150e-01 -3.36997093254093882e-01 -6.24932726125241034e-02 5.79156685035551066e-01 2.56683821930229865e-02
3.32416036326465061e-02 -9.00962575461060622e-01 1.25905376561488658e+00 -7.89491167488713397e-02 -5.40212579736872089e-01 -2.62553759509082718e-01 3.36264917368561886e-02
5.30906889558079020e-02 -1.07235764708293946e+00 4.43157836236265645e-01 7.15782064115352834e-01 -9.52035800125557441e-02 -8.09434338606115800e-01 4.98473285022559762e-02
4.74080599581550521e-01 1.09257960956945044e+00 -5.22840294346462398e-01 5.58569643120861922e-02 7.67076800243333468e-01 3.63971794385476388e-01 2.27214437607458297e-01
1.33650085476649913e-03 -1.15218647701142052e+00 4.54428942034054428e-01 2.13874768645034602e-01 -3.51266501156800096e-02 -8.25122431846267435e-01 -1.25964862383812715e-01
5.11485262465376095e-02 9.50886025085077247e-01 5.81725122546568274e-01 -1.96517974280033508e-01 -6.45929760548863641e-01 5.34213524302100673e-01 -3.40810049431581052e-01
4.00583198051685449e-02 -4.51422105022682874e-01 3.71055832661731366e-01 -2.26939279512441208e-02 -1.22930879895518097e+00 -9.68306884718126537e-01 2.21923658486950781e-01
2.71165005394369491e-03 -6.87152835435047127e-01 3.91383200827026767e-01 1.12860095682679476e-01 -5.62086653679433668e-01 -9.48278097133395059e-01 -4.16843873233832707e-01
2.76245014952281693e-03 1.39099437860432151e+00 -9.84507063653203979e-02 1.90541267725848396e-01 1.50582339372985791e-01 6.36252955272348486e-01 -2.63748543383230727e-01
7.67015527516809792e-01 -1.64665333745580601e-02 -1.17908334280402749e+00 -2.93311455563973589e-01 8.84246578733497990e-01 -2.26739988258727293e-01 -8.51074365915156228e-02
1.10094087857987421e-02 4.18887186987278504e-01 6.58106846595694739e-01 -7.51499967679446629e-02 -1.12169193860436400e+00 2.04083004914232202e-01 -2.18561245426737216e-01
6.17531511138501438e-02 5.33357526490445433e-01 7.27553817078307352e-01 -7.56966943873674802e-02 -6.76893989179189526e-01 8.11051552826877575e-01 -6.10748178582312951e-02
2.76797384089118470e-01 -1.31712637326363957e+00 1.02535505642995450e+00 -5.59120635682373024e-02 -4.55007482318522394e-01 -2.24597517675598296e-01 1.01255811928308279e-01
4.67441566377635453e-02 -1.66358680812249887e-01 1.23919887925920458e+00 3.71507335244201931e-02 -7.47571358233656946e-01 -4.39062443985032524e-01 -1.40181355678575009e-01
9.64706172547238200e-03 9.62795472108425865e-01 -7.83570659845892137e-01 -2.58611756116537105e-02 3.08831773352144789e-01 7.28942275308774756e-01 9.48897593051352684e-02
6.59177285288141901e-01 -9.99094534732881567e-01 1.14921206678718657e+00 5.54764511595599918e-01 -4.58253182570525330e-01 -2.62777698761461675e-01 1.07827984458282178e-01
9.76578087998185122e-03 -7.38963866325633822e-01 8.12495841933627228e-01 6.22964264643866561e-01 -2.67088455136520742e-01 -7.92862279761348820e-01 1.75861474786864966e-02
5.99637851608615935e-01 7.44676536419188295e-01 1.06761690006919552e+00 -2.91795815062427522e-01 -4.49442974557953900e-01 6.00826304675682321e-01 2.73229063621399260e-01
2.66618148240645300e-03 8.96702736949492318e-01 -1.66527389646011020e-01 1.52287587419057402e-01 -9.36782453974807500e-02 9.39876981720302207e-01 2.77713948602351268e-01
2.82648364658209372e-03 -5.04591311661157338e-01 5.66276465960420805e-01 2.42575186335107607e-01 -8.69261538932403321e-01 -5.38985399841118484e-01 3.43479599180212758e-01
1.92926007179417469e-03 -6.23884269144759140e-01 6.90137959859595806e-01 -2.64066873069095820e-01 -6.72156030805239113e-01 -7.15363534256468814e-01 -2.46611832897171507e-01
3.28577085604983277e-02 -2.89210406289976685e-01 -6.84818119396912062e-01 -6.58890205254636929e-02 8.71941473461348870e-01 -7.42818221981875193e-01 7.69033910465763831e-02
1.42939622710827663e-01 1.77070217015473930e-01 -5.98957245985091702e-01 -2.67099042696224587e-01 1.30702995782845588e+00 6.47461163723461741e-02 -2.75066682600450807e-01
9.60221912984952075e-02 8.54979759445622656e-01 1.56713687963524390e-01 5.59617068335375722e-02 -5.35854080047937220e-01 9.12307682723645486e-01 1.53698775053134583e-02
5.17485314837904178e-03 9.92116885361938761e-01 -6.46605538052508755e-01 1.08879158273226279e-01 2.82420369328808263e-01 5.80503717029201338e-01 -3.26447955613023921e-01
1.51802715246302888e-03 -5.10530419783967293e-01 7.02980221187636478e-01 5.77029570380103475e-03 -7.34773307590991798e-01 -7.11458629433353251e-01 4.14197506231725854e-01
3.07168085463599638e-01 -1.02240610640332452e+00 2.85124431280765533e-01 8.86725882932568737e-02 -1.59308357678575319e-01 -8.33831125788539684e-01 -1.89200678432577610e-02
3.18931933478923346e-01 -1.72610910093004888e-01 1.27581670439726369e+00 -3.62250055608979882e-01 -6.46572438689631324e-01 -1.58825609895400094e-01 -3.70570640346406313e-02
4.33597272403791600e-03 1.16144877594153040e-01 1.07793149715582759e+00 3.34176694134324312e-02 -8.81291365336592580e-01 1.81928999704217609e-01 -1.34252612935422400e-01
4.65180126203584676e-01 -3.65220690336058085e-01 6.97715099850160003e-01 2.87032868580437313e-02 -1.05160314582452097e+00 -2.74704182301617306e-01 -1.11250926489168525e-01
1.99391276159249786e-02 7.42365428721604714e-01 -3.55936013631560466e-01 -4.70937382130824783e-02 4.93199982054775277e-01 1.09747131441415879e+00 -1.87892340246725104e-01
1.03629313907469562e-02 9.23547164202617288e-01 -7.09632979110599749e-01 -6.79676704595168490e-02 3.30043314191182158e-01 6.69441417736507005e-01 -1.35148221933309304e-01
3.31451112111778579e-01 7.92742997505336278e-01 1.62770690695883791e-01 1.55222860574141912e-02 -1.79880602491819308e-01 9.41646988639018745e-01 -3.89534858586337851e-01
1.53567283139115999e-02 4.56645454126121841e-01 2.22480429635468768e-01 1.76007070093341406e-01 -7.39791426886354797e-01 1.33074092085617979e+00 3.64291550517810592e-01
2.93676072245061745e-02 -6.15489099709998766e-01 4.90012650983641440e-01 -2.84660956954145110e-02 -9.22389691842533721e-01 -5.46976527627684339e-01 3.31190474202486373e-01
2.88225921842162447e-01 -5.10985239270122238e-02 -5.24058264230079951e-01 -3.61629969733691992e-01 1.23276128201649704e+00 -2.53840526756479001e-01 4.08713574712798289e-01
2.28159572942346831e-02 -1.15079661549978152e+00 9.08206299900183645e-01 -9.59323811873511595e-02 -4.45464477768611200e-01 -6.00015942338963937e-01 3.02614219922434161e-02
2.81068906328240734e-02 2.26071659478798703e-02 -1.05306127571939045e+00 -6.87174651426753352e-02 7.46516780383455480e-01 3.10669678573833985e-01 -4.31625625169873739e-01
1.86904339323726624e-03 9.23824701140703475e-01 -9.36288011588585989e-01 -2.06421217746242919e-01 4.57804257661885372e-01 6.50831963064924301e-01 1.42029335277364999e-01
3.86816508676514459e-01 4.85461707983280921e-01 7.56634190300394693e-01 9.73941695432104654e-02 -9.13920216373250049e-01 3.62772213719549375e-01 -1.03214457560791520e-01
1.17638822210865343e-01 1.49804915181960235e-01 -6.32852993717376688e-01 2.47389381426904023e-03 1.42278835359145095e+00 3.64729116812437942e-02 -4.84234133381190146e-01
6.07350142090877232e-01 -8.56019199687262589e-01 -1.35120921189416932e-01 -8.59924215491108257e-02 7.45871683491781678e-01 -8.91347913836960548e-01 -1.21413462379008519e-01
1.08245807869491073e-03 -9.89435736841701052e-01 2.56072583304369390e-02 -6.88084748686077080e-02 -6.12302533876615818e-02 -7.98604844238067768e-01 4.91177093584768354e-01
5.55728664764710487e-02 -9.83639229464031012e-02 -1.11426411326372943e+00 -1.79222978704054403e-01 6.91555382368506888e-01 3.29609031583597112e-01 4.02555232206017688e-01
2.94810889252399141e-03 -6.24390115545417679e-01 1.04352782753027662e+00 -5.00347217332596794e-01 -8.18725984870286250e-01 -8.55839890967498296e-02 -2.79885325582666308e-02
2.88417512327190373e-01 3.94161751342473943e-01 1.42119228264272257e+00 -3.81986143690689117e-01 -5.45205136679679958e-01 4.01618227479266288e-01 2.57684376231604340e-01
1.02185805581604772e+00 2.04580604692023715e-01 5.46408922008766673e-01 2.12950918890119384e-01 -1.14538253121229494e+00 7.19623558676803499e-01 4.02173753350789864e-01
7.51989179048594691e-02 7.32990800197871661e-01 6.21436530370561346e-01 8.93783385746973053e-02 -6.48330677047911363e-01 5.86631818120729287e-01 -5.64181274523337106e-02
1.19568575200539994e-03 -3.01480862600675470e-01 6.59062948431965334e-01 2.10129682015638891e-01 -8.34260817857318315e-01 -3.99289313305075777e-01 6.30750952861249270e-01
6.31746650569732244e-03 6.85278328727758845e-01 6.75814683623715995e-01 2.34031202172967009e-02 -7.14054854396487637e-01 5.88935921018168718e-01 1.62837032802688082e-02
4.45417532798026150e-02 -1.66558746752354686e-01 5.06177929068826304e-01 -1.17652441668839314e-01 -1.42638336029299695e+00 -3.43132157095694224e-01 -3.40083021579674460e-01
7.83942239470049734e-02 -8.59552560040944130e-02 7.69885557545230470e-01 -3.47757137141738781e-01 -1.13579424736945600e+00 2.42147979222749388e-01 6.94360756371495552e-02
6.18194097906152231e-03 -5.44476924714567545e-01 1.05832433148899252e+00 -2.31255048892127502e-03 -8.20399685073592733e-01 -3.78104666575964588e-01 -1.27833302814705313e-01
1.36885962950200835e-01 9.70835473864482212e-01 -8.31925132226131403e-01 -5.36163943405452592e-01 5.98354461568642138e-01 5.48229202501147372e-01 -4.80657937745303451e-02
4.84555639391353710e-01 8.14775732459230628e-01 -9.79529593555603095e-01 3.43571841295870102e-03 5.88641440863950760e-01 5.22527520122105904e-01 -3.99698294057903650e-02
1.82146808046973224e-01 -5.37637517884255109e-02 6.43612324731673513e-01 4.81024481469044876e-02 -1.37475068347250295e+00 2.02529925842111665e-02 -1.95000672654478513e-01
1.26169582334193786e-01 3.93450706605130429e-01 1.97786889234112667e-01 1.34334009669371418e-03 -8.26700038432226170e-01 1.59756060869018479e+00 -7.61165605347420837e-02
2.73589423759045903e-03 9.56941597954874434e-01 4.71356784276114937e-01 7.73576913180219761e-02 -3.33390820320485226e-01 8.95025918625868444e-01 1.23464850454799782e-01
3.74014493997277153e-01 7.88550617435549772e-01 4.69215445132054876e-01 6.36593803460928781e-02 -5.12015041747503008e-01 7.13576036362147947e-01 6.32298981836508234e-02
9.72537406496580374e-03 7.10857816445271684e-02 -9.12885232079345132e-01 -1.90531959292572703e-02 1.15108118242571589e+00 -1.31560627466598107e-01 -4.99115586765200708e-02
7.51553247203489219e-03 -7.16111437222868852e-01 2.88696200790993729e-01 -2.56115639728076883e-01 -3.40593447029219842e-01 -1.03915057577264025e+00 -1.91235619273908197e-01
3.08007816763283425e-03 8.23656584889014942e-01 -9.70613493712328634e-01 4.70782429319972995e-01 7.59683698642474869e-01 2.76752594265511298e-01 1.59573780678081492e-02
2.48107530794943326e-01 3.24717033541647826e-01 -6.32411017415644872e-01 -1.28707192394902720e-01 7.74636966770506974e-01 1.04256472047100268e+00 1.86981250092473683e-01
9.06646031974389088e-02 4.86460434262262209e-01 -1.06127016390892437e+00 1.03819483301623883e-01 6.55647312092352497e-01 5.47020639548025933e-01 -2.69369494178429814e-01
1.36146194384810015e-01 9.75211380186152416e-02 -1.39135247266148232e+00 9.53462377849735199e-01 5.66205441090070871e-01 2.74837518629555522e-01 5.53030811017532209e-02
1.03062638419993396e-02 3.44476920361875105e-01 -7.75918896045687867e-01 -3.34827979503042106e-01 6.54664245492373120e-01 6.00009616554837866e-01 8.47452794056759162e-02
4.35611390565949705e-02 8.89215240108557625e-02 -8.03512858512451800e-01 -2.69033571493366319e-01 1.02891338517019904e+00 1.39985622251919906e-01 -7.17422390763877149e-02
2.07052474083772647e-03 4.32693662031065240e-01 8.04525500485127165e-01 1.10107674606893483e-01 -9.27222085687689823e-01 4.48303810940682779e-01 8.32630018872363570e-03
1.46993355820033266e-02 8.36972210800794758e-01 -1.05393232774091139e+00 6.00291666442940741e-01 3.46867464231782163e-01 5.09063183903715188e-01 -2.99708202270681345e-01
7.72462947423668944e-01 -7.22916503218159368e-01 7.78620239057643881e-01 2.54238470045514385e-02 -5.88289908391524841e-01 -5.46942322925189739e-01 -5.51564814145979396e-02
6.19925412929649283e-02 2.49833214662159887e-02 -9.38052106257648011e-01 4.78077812611380076e-02 1.08341202860549490e+00 9.49276130063339135e-02 -2.55834491965627020e-01
1.54949148532202551e-02 -5.88078312150372984e-01 1.53955464532321090e-01 1.49019496827942105e-01 1.58085313467097172e-01 -1.33257015578400528e+00 6.68337375582066379e-02
3.14079966599526139e-01 5.82251855356110348e-01 -5.71501419947636924e-01 4.91463491004211606e-01 4.41976006726031767e-01 5.18097502588884318e-01 5.93987778384870047e-01
3.25386452571431017e-03 1.36001815368732037e+00 5.16351121014645642e-01 3.34238373620651508e-01 -3.74700509381375835e-01 5.95500271316745100e-01 -8.70158510539679048e-02
4.52665275075846488e-03 -7.50876280508847915e-01 -1.00232459222549841e+00 -1.30076125758361805e-01 8.45559412225792562e-01 -2.00455362537409698e-01 -1.06518500948815015e-01
3.38639819777535461e-02 -3.89913447004622160e-01 -8.91316007007792455e-01 -1.89624725319044701e-01 7.13630998471473821e-01 -6.08258853602301031e-01 -1.88562176590361619e-01
8.93089242981375042e-01 7.64804690344107252e-01 7.14669107377471802e-01 -3.93963605166863906e-01 -4.23481902117076592e-01 8.46827175799905407e-01 5.20272420467666752e-02
6.26279139486856339e-03 -7.33087382458049719e-01 -5.42626965354751634e-01 -4.24112393785809283e-01 6.03732757557750577e-01 -7.12828558812989010e-01 -1.60539507275608007e-01
3.61714734734243537e-01 -5.25180266881484115e-01 -9.34489359536346820e-01 2.81019319223787367e-01 6.56832730220027750e-01 -4.24855233575829383e-01 -1.45892017597868823e-02
2.68160403645483908e-02 -1.30166403901389760e+00 1.54702528334304468e+00 2.67552768776058270e-01 -4.02347175080361996e-01 -1.98206819652841593e-01 6.51199478264787163e-02
1.54970565235818925e-01 -3.12255804637841972e-01 -7.17142101206289739e-01 -1.36369159823911706e-01 9.44797925440711284e-01 -8.35355124992775311e-01 -1.57174334122786308e-01
2.34441313081889049e-03 -4.22146627343016667e-01 -7.31129771724476685e-01 -5.25862759584473927e-01 6.97013605757759280e-01 -7.11493311124171357e-01 -1.09035744518503924e-01
5.33629602005767090e-02 -4.50428786665633685e-01 8.29186723245884161e-01 2.45962176808490300e-02 -9.24442263861122271e-01 -1.30775099433746711e-01 -2.51034006615401428e-01
6.70781997032518507e-02 3.38266232229700203e-01 -1.20764884245623838e+00 -7.45732885460352463e-02 6.90980749449153442e-01 7.44011927207209045e-02 3.76272483670952174e-01
1.80330010053372509e-03 -7.99665622212464844e-01 9.80112212272388622e-02 1.25997246217562586e-01 -5.59555957600484932e-01 -1.04708469836413931e+00 -1.98046876375332193e-01
6.08660078718207265e-02 -8.14708687642510920e-01 2.98636040430314553e-01 2.39634356272090988e-02 -4.68097527646495926e-01 -8.42178003790658658e-01 1.30359279586377191e-01
5.27157195273998402e-01 -7.63530376477812966e-01 -2.21613941634141026e-01 1.64437519682876288e-01 -4.24790590500219001e-01 -1.05821004108703431e+00 -2.38987787503244398e-01
8.90004490747643429e-02 2.77256143323127702e-01 -1.35211948429868833e+00 2.64922593565193820e-01 6.73067218759013430e-01 -4.06304565654059466e-02 1.89740126002511583e-01
9.67243975974479420e-02 -6.54110759951419207e-01 8.45668540356208198e-01 -3.04469997521892022e-01 -7.44175853203375537e-01 -1.88656574307340702e-01 3.05541023454219574e-01
5.89045315279397783e-02 5.35304279099457769e-01 1.18351290955343758e+00 -5.41260714776481855e-01 -6.77066965114950570e-01 2.98394196392343103e-01 -1.85199533658130799e-01
3.42744991313548341e-03 -1.01515252325928751e+00 -5.86896651207848175e-01 5.09332509557758398e-02 3.82663697645464485e-01 -8.11410791036590640e-01 -2.96735802039295449e-01
3.40814888019766032e-02 -1.27739446627549769e-01 5.79242316872110918e-01 -1.49843744748511688e-02 -1.39123734617431705e+00 -5.59404048141313726e-01 -3.89492787872293522e-01
2.47248964479431952e-03 5.94692189905546620e-01 -2.35410513566749330e-01 2.67750790949499509e-02 4.10388743029955705e-01 1.30953127449114470e+00 -6.19168334465497794e-01
7.37725058873502704e-01 -1.01937034526036663e+00 6.08324692921708099e-01 -2.32327069324672619e-01 -5.75492666778423922e-01 -6.12115847546583214e-01 -2.31423686661787198e-01
4.73773899628633210e-03 -7.83301021001399866e-01 1.35276102842814261e+00 -5.54807578631236198e-02 -4.28820908302775305e-01 -2.62839828359308414e-01 -8.84782815584233689e-02
7.69242324476814617e-03 6.97542364277136229e-01 -2.06567396515129925e-01 2.01867430321113289e-01 5.41261205884642993e-01 1.05686013013639779e+00 2.08451370850946588e-01
1.65332228556462520e-02 -2.45291622693212974e-01 6.45731499388249808e-01 2.09879518343974412e-02 -8.53710062128536840e-01 -9.23161792679337512e-01 -1.26496167375287405e-01
5.05530921411931788e-01 2.83210744142364412e-01 -9.61147717332137441e-01 -3.15402585743547528e-02 7.77914336846465160e-01 2.55415165464041971e-01 -1.66042142948073096e-01
1.23348903800189346e-03 2.91453003109513498e-01 -9.97877695280116606e-01 2.50418090719981001e-01 9.95370120600933106e-01 1.79360919750804204e-01 1.81028509713875407e-01
2.71400963496919202e-02 -5.59219489228112043e-01 -9.64348438489386062e-02 -8.45727313160626187e-02 2.96222096169493354e-01 -1.52598574670978038e+00 -3.13892497488096223e-01
1.18604419497584782e-01 -6.86697424875792106e-01 2.85512881626451942e-01 -2.01909027777351313e-01 -5.28135187405517681e-01 -9.81094411099505459e-01 3.12302586567803686e-01
1.26207785254961614e-02 -1.04105154757210960e+00 -7.29981232954185627e-02 -3.04117675068671711e-01 1.57179922249959886e-01 -7.92542638024958501e-01 -2.82300815986557879e-03
9.27084500702744230e-02 -7.88955956909907496e-01 -6.76190356138952731e-01 -6.02233479069872790e-01 2.97493440565978762e-01 -6.74497042195272067e-01 2.17368421038084486e-01
1.48758416831292872e-01 6.66004192247613647e-01 1.96215853016215691e-01 -2.84800518282758708e-02 7.82931346198445510e-02 1.23012413310550861e+00 1.10797729081933777e-01
2.12883745394237600e-01 -1.95917436581693472e-01 -1.06172309790813846e+00 1.59374655657286785e-01 8.68781829876568157e-01 -3.21020160453588221e-01 2.83249995103661056e-01
1.15535445841521880e-01 -8.74434731909847884e-01 -2.20266365147060411e-01 4.04819665287710281e-02 1.69451631087801785e-01 -1.10682038696419527e+00 3.19995906086163240e-01
5.60590285664834612e-02 -5.04129988190441747e-01 5.32808817594008888e-01 -1.62027346289428192e-01 -8.89501487787845435e-01 -8.22485090033758581e-01 -3.67542875681306613e-01
5.48567015822033245e-03 2.71484630364919599e-01 -8.14727090624891237e-01 2.47450335999504813e-02 8.83667352390488769e-01 2.76843464083580015e-01 2.52942674112585253e-01
1.34225879236394369e-01 -6.75762470299040019e-01 1.30557825018919688e-01 -7.75647872493054474e-02 -6.66877861698975671e-01 -1.00235441020257121e+00 1.43758327247364703e-01
6.09263086405591962e-03 7.70001873264993919e-01 4.32240614861759576e-01 -1.55684983003249400e-01 -6.87501092181102225e-01 8.70316379201184542e-01 -3.53655364505099570e-03
3.76785716665560891e-02 -3.62439528616166962e-01 2.30761581520028874e-01 -6.53980500777023438e-02 -6.84748227382502739e-01 -1.65638458104191422e+00 3.14233807477071261e-02
2.59731618309025488e-03 2.82833881975060319e-01 8.86640509877388405e-01 5.20748653563197425e-02 -9.93656623200046663e-01 -1.80066334406858791e-01 -2.96480969156013519e-01
1.08039950583088740e-01 1.42749770874335935e+00 5.97597043251965609e-01 4.06043406959500697e-01 -2.31857452334946118e-01 5.11814334022097195e-01 -3.39156289579544357e-01
1.16690109746322192e-02 -9.12125999984178315e-01 1.10780610780683353e+00 1.13583802869432884e-01 -5.20322136645107625e-01 -4.96610728997836703e-01 -7.45731208211526247e-02
1.11128125332040001e-01 1.03218554800392637e+00 4.40674650401803536e-01 -3.03300722540842616e-01 -3.22741567516106831e-01 9.07088312888451709e-01 -1.51998486139314992e-01
2.27098292959483535e-02 7.53641374976501965e-01 -8.50771642884015522e-01 4.13192160543605969e-01 5.15681773569719004e-01 5.58864428530405855e-01 -7.25759789844573761e-02
2.30832216224913789e-02 7.26985116141453780e-01 9.24560540566215616e-01 -9.70631249417463066e-02 -5.71702929198165899e-01 5.51450546279309450e-01 1.06784282645374179e-01
2.35417298999214430e-01 3.67656542488154214e-01 8.63274136243002421e-01 1.04029879114568374e-01 -9.97207650247939781e-01 4.91437860042499980e-02 -1.27273113924099013e-01
1.29550936955337460e-02 1.10884053652516434e+00 -4.44713774289844654e-01 -1.92809040020372607e-01 3.68231113979660074e-01 7.54172986355508335e-01 -5.70249540258045001e-02
3.31187121159850273e-01 6.11360440386951864e-02 -1.52302368592372450e+00 1.68998001720013502e-01 6.96217770462334795e-01 -1.64357355010342793e-01 -2.52221211160561024e-02
7.79525010123605228e-02 -3.58629023464069885e-01 -9.07191765588792220e-01 -2.80012351074981514e-01 1.05826560834824202e+00 -2.13296928489930510e-01 9.47705036945028362e-02
3.75742817378492550e-02 4.37450314501702131e-01 7.75945371495998071e-01 -3.50432887649530719e-02 -7.75901648908495778e-01 8.07780851039083259e-01 -1.59352027202887797e-01
4.77524995462641315e-03 6.33216964553970696e-01 -1.15556621800389436e+00 -2.73728571935826226e-01 4.31885772030621173e-01 9.17266188197537469e-02 3.41019717667353173e-01
1.94785680888523959e-03 -4.01394515661371687e-01 -5.81290598200600583e-01 -7.14631650772540317e-02 9.81853309128239538e-01 -7.02469388455688515e-01 -1.65611155201007193e-01
2.30862792466476584e-02 -8.33867043263238350e-01 1.31125697369615987e-02 -1.85227736208625510e-01 -2.94222601673358120e-01 -9.88271742619730165e-01 -2.03284296879857107e-01
7.15047010812098760e-01 8.16690128155807882e-01 -3.83249755192528074e-01 6.24879734474529172e-02 5.04671787320227772e-01 9.40944117598094598e-01 -7.01840738058535918e-02
4.17430541098016365e-03 1.33096518716834344e+00 1.10189681964526365e+00 2.17232129933321805e-01 -3.72116219337443432e-01 3.28377377586424324e-01 -2.98991439633961758e-03
1.71807853109647761e-03 -9.40682090207674126e-01 -1.26181153012105129e+00 3.84108011430674412e-01 4.33338704265154084e-01 -3.60349477717962219e-01 2.01979079023378083e-01
9.06834683532270133e-03 4.89762204616683516e-01 -2.63696890823085228e-01 3.31302440309866775e-01 3.00443321075260894e-01 1.24767922244873275e+00 -4.35426239726100450e-01
1.47365565265215317e-03 3.42499021377554336e-01 7.56751689848212394e-01 -4.26492099480505621e-02 -1.08267857719938609e+00 2.06252126521754009e-01 -2.11167404940633338e-02
4.35782895823536368e-02 -1.32100915054167967e+00 3.09570028809681042e-01 2.36240916178105498e-01 7.07734101520885173e-02 -7.11741103705372136e-01 8.13402361222395447e-03
1.10873438342483127e-03 1.32416882286887039e+00 1.33931828143232790e-01 1.12242857041148281e-01 -1.60466944270706811e-02 7.81606649210243698e-01 -2.15692516671084411e-01
4.31733148235955919e-02 2.15956774970819332e-01 1.39696316954951660e+00 -4.52185761531868832e-02 -5.69131665720701063e-01 3.93511947202896673e-01 4.25620083773016189e-02
1.96961324050232145e-02 -8.73863666806626416e-01 -1.07015714828986841e+00 -1.42857123807963615e-01 5.06451651482862308e-01 -4.83955865085716419e-01 4.15201959362182571e-01
5.13795750449831876e-02 5.84490539245587248e-01 6.54127411442144258e-01 2.40215053281359087e-01 -8.37733607455471985e-01 5.25115107382921442e-01 1.59072503333835991e-01
3.91367568831465854e-02 5.69852031860127450e-01 7.88203058943159673e-01 1.74809759597498504e-01 -4.28191549867125709e-01 6.26847444168824208e-01 -4.29899405786843547e-01
8.62269755447629543e-02 6.86185229017384990e-01 -6.97909478234746139e-01 7.78576722336232763e-02 5.55917477045663966e-01 6.58206433960294324e-01 -5.41594401340029119e-01
4.70939654666639035e-03 -9.74653136687436805e-01 -4.34574067687554966e-01 -1.31452616323959298e-01 1.12389815707392676e-01 -9.46966553439537395e-01 4.38649573720601496e-02
3.45988844647846905e-01 3.35012444329878811e-01 -1.18937739201125847e+00 -5.86211149689762179e-01 8.20338230435908367e-01 7.33233082943726550e-02 6.58345155693627476e-02
1.64751894387763962e-03 -8.53919267396525017e-01 5.09496958989314463e-02 -3.45148454174361907e-01 3.77115991869737877e-01 -8.96706177033136154e-01 5.16878399417687075e-03
2.84791311734776342e-01 -7.37240658229022627e-01 4.46453026262064567e-01 1.25485609096785800e-01 -4.38441284760792638e-01 -7.15035309057349910e-01 -4.19504739848768626e-01
9.19921807043492037e-03 9.33987927059398038e-01 -7.58013691380193477e-01 4.21950128501287991e-01 5.96227898110763266e-01 4.73429546706424675e-01 -2.90535364855384337e-02
5.83494412190084782e-03 2.17732462911413016e-01 -7.09773631006469286e-01 -3.86370560124257509e-02 1.00127369563943702e+00 5.13635394073922780e-01 -1.37776515262660798e-01
5.80970846817612224e-03 -4.58428371733774265e-01 -7.47569803883226025e-01 5.88244139037722921e-02 8.34292940130919813e-01 -8.01928290815456468e-01 -2.55229282527340007e-01
5.43072264474046135e-03 -1.81559996640582477e-01 -1.23703826819596041e+00 2.37938252368813191e-01 7.17037901011821965e-01 -1.16902272201798496e-01 3.16646486333671540e-01
9.31094891799155860e-02 -9.40908605474262416e-02 9.86471646768376176e-01 1.10743586933147078e-01 -1.04008070289755006e+00 -2.02997915379999894e-01 -2.16165453160809595e-01
3.95044426236477921e-03 8.31611996259633335e-01 -6.37363583253433008e-01 5.28067907416820415e-02 2.15113070561416792e-01 7.77090840235008407e-01 -8.88759600513851361e-02
2.63458096033517483e-02 -7.02110011723346195e-01 1.27957948944238981e-01 -5.31949679919293206e-01 2.30840978122674678e-01 -9.46114947685393171e-01 -9.26969325424316926e-02
1.33669137207161979e-02 1.13260537356520352e+00 -4.26724413195292529e-01 -1.44709119994225199e-01 3.00632111919085454e-01 7.42889330137730841e-01 2.39734645866379104e-01
3.52676802672007794e-01 1.08391002195269848e+00 -4.25355889543290622e-01 3.98334281274172475e-01 3.05434390678549661e-01 7.98247533531498021e-01 -6.03403176457250126e-02
2.27014514395226319e-03 4.84043369572089544e-01 7.35075398330178653e-01 1.56333603680620187e-01 -1.09415341285701406e+00 2.71984300786274613e-01 -1.77940145551759611e-02
9.84533216942491546e-02 1.59355419976962426e-01 1.18383510575336759e+00 2.85869589002566482e-01 -7.69372889020311312e-01 -3.30698749190409258e-02 -2.38018068937062510e-01
1.34748238459126671e-03 8.60188379373393097e-01 4.81466602308383215e-02 2.89863055306724621e-03 -2.89117571176110630e-02 9.47375036136963167e-01 -5.71128494302613754e-02
1.46829369114188629e-02 -1.06054998690283053e+00 -4.91693252280339554e-01 -1.01137517518835623e-01 4.35370868314888970e-01 -8.51921310091230177e-01 -1.35905737237017217e-02
1.85650892419421962e-03 -4.86209419338656468e-01 -6.01868125108618868e-01 3.21194293816705612e-02 8.41879066807068255e-01 -9.12756825032745023e-01 2.64618208821161049e-01
1.03077889048940427e-01 -7.62034093724187511e-01 5.00535692517969366e-01 4.46978016764619013e-01 -5.84048469078561783e-01 -6.53068046984785155e-01 -3.38068457106719122e-02
9.67496787426035953e-01 8.56481522614380486e-01 9.32134223246339100e-01 -1.37390698930744293e-01 -7.44119047452203142e-01 4.21359185688670423e-01 1.64694100689678907e-01
1.99670792198276464e-01 1.25283660253211937e+00 6.21869485211372308e-01 1.27275533595289703e-01 -3.81750377765769311e-01 6.96831617949475235e-01 1.10624678580193883e-01
1.20309544163736369e-02 1.15673630524671234e+00 7.52067649269677951e-01 -9.93626593368111821e-02 -4.16003151688989825e-01 5.60596885104494791e-01 -1.83337191942210515e-01
2.70944773496762607e-03 -8.74154847725093997e-01 -5.14179795066285333e-02 3.52066235610941303e-01 2.75435857554069796e-01 -9.45660868917300168e-01 2.70717724274826987e-01
3.17183548563628728e-03 1.20921966677889836e+00 -3.12591446461250921e-01 2.87724262699738220e-01 2.28298262454898981e-01 7.13681621221234130e-01 -2.01550376155380309e-02
8.24214807881924055e-02 -6.97090118240549339e-01 -1.06708456592139145e+00 1.09024208366222175e-01 8.26955699193791305e-01 -2.59317743590299077e-01 6.05076882514109654e-02
2.67307366897069576e-01 -5.77449539611662011e-01 7.68994577921660927e-01 1.09937973635089878e-01 -7.48623100728098567e-01 -4.49764449678217881e-01 -1.23480562876545116e-01
2.12333813084615297e-02 1.32366554408790238e+00 -1.83150287466182726e-01 7.94281150057033619e-03 -9.21043082514749339e-02 7.54808803587780019e-01 -1.39391904984594500e-01
5.28891613149505418e-02 -2.67636599901659666e-01 -1.22282698380474342e+00 -1.31681903346207801e-01 6.28862779625187329e-01 9.62381092883496381e-02 -5.98314480323279274e-01
4.22813502146291265e-01 7.17881367780687785e-01 -6.22561248314277060e-01 4.02396421215214795e-02 7.80017722351967757e-01 6.50002605458650184e-01 2.85306759743205851e-01
1.02474753444684041e+00 5.72422512137835238e-01 -2.98478278599673026e-02 2.74427827284205415e-02 -1.58310423978287207e-01 1.32772605110123276e+00 5.43207574807706761e-01
4.90974525495955962e-03 7.56890889422844215e-01 -8.11881591498841759e-01 -5.11970673060200165e-01 5.21800185483619838e-01 5.93714849715905935e-01 -7.81936733480709419e-03
4.61149928426307729e-03 7.56785675302944938e-01 -1.14883110333900351e+00 3.78934936811185286e-01 3.97120091174600676e-01 5.92061092582756743e-01 2.59376696225821768e-01
1.23667331527032632e-03 5.47179877085330779e-01 -8.21929558071795352e-01 4.33711110378978082e-01 6.81424115899063154e-01 5.54773795254851820e-01 9.23744336818816819e-02
6.09995041351239688e-03 5.14300133012126404e-01 -1.31951891117926134e+00 3.66942666338164580e-01 4.87635001575711990e-01 5.17378237578025035e-01 -5.10985653452310437e-02
6.40764352864734849e-02 -1.51338745463944946e+00 -4.40287894535930924e-01 -4.22749579617343829e-01 8.72879875929034321e-02 -5.80120450825694634e-01 -1.18468468019761616e-01
8.40072258733778471e-02 -1.05308590733507068e-01 9.57014038002512502e-01 -1.74307085870379408e-01 -8.15438987105251201e-01 1.32863222649113211e-01 1.30634224753862688e-01
5.65719601910992954e-03 1.20580182403740244e+00 -4.24209763882201940e-01 -2.76170034716004820e-01 -7.05519078557726997e-02 8.39247188517063258e-01 1.02749299746284675e-01
1.38061243553254082e-01 -1.95964760109741370e-01 6.16939556241805076e-01 1.63375669147989705e-01 -1.15053684281581403e+00 -1.13189990844401595e-01 -5.39383968980192252e-01
2.88842596289088260e-01 -1.47287042855946265e-01 8.78401301709183957e-01 -6.43777219336612583e-02 -9.00917147694568987e-01 5.70124026904276840e-02 -1.23549022654047713e-01
2.51332033092664187e-03 7.14291459046480059e-01 -6.44808746996421434e-02 1.68150168444456599e-01 9.97351985776489675e-02 1.21672309622222063e+00 -1.75693714309660493e-01
1.98876408125850113e-01 -1.00636388083042858e-01 6.55723827199644282e-01 -1.41343055203967199e-01 -1.37203887870100294e+00 -1.97755050886484290e-01 1.85589182485457263e-02
2.99063070238468551e-02 8.65045881265891992e-01 -1.56055155867842044e+00 1.70261659482352001e-01 4.56749866773522861e-01 2.97000350758377996e-01 7.22918617678744851e-02
1.04308724294403368e-01 3.17044489566440102e-01 1.00871992210805450e+00 3.73432973895500200e-03 -8.57948796413788850e-01 3.60914018032721218e-01 2.35313572743903188e-01
2.20417158117271542e-02 -7.01925270951327840e-01 5.69739038363473518e-02 1.80408960279313108e-02 -2.93122158626257734e-01 -1.22030676317615128e+00 6.33508009597105848e-01
7.06052238796896270e-01 4.44117777048301743e-01 8.51017996053646586e-01 6.20262216876880990e-01 -7.19888441711940774e-01 1.92004431088153210e-01 -2.01877799831287313e-01
9.00992163665520152e-01 4.72864802862289824e-01 -6.88153899786650314e-01 -9.76113808986339010e-03 9.23780268957831385e-01 6.87230208361826578e-01 5.91528657486684803e-02
5.54293802221945062e-02 -1.50628327168341758e+00 -3.91856498763791701e-03 5.42555388277729866e-01 1.02385425169500582e-01 -5.03209313595185059e-01 1.84607530259925795e-01
3.05570031839567435e-01 6.74681576946894790e-01 -4.53973092591894722e-01 5.86369192518653298e-02 7.90266234022458547e-01 6.20941238338804324e-01 2.59184179906721046e-01
1.33608488895862977e-03 -4.96517170832438334e-02 -8.75672879329722820e-01 7.11435508031340175e-02 9.91987733789798987e-01 -7.96027773078586548e-02 3.19895662349431786e-01
2.33841334542776898e-03 -1.50981843098865282e-01 1.08019542294740667e+00 1.51261890520945685e-01 -8.80273198997628792e-01 -2.26815119908137519e-02 -2.77001463684777960e-01
7.76506987794274572e-02 9.23336368178222511e-01 6.18264274292845806e-01 -8.74751914025842098e-02 -5.99633813168308216e-01 6.27390352444739841e-01 -2.78344163915349219e-01
1.33898711158014164e-02 1.18474278283191736e-01 8.35300230613611583e-01 1.27969642950916590e-01 -9.30024589804684720e-01 4.56809930089265681e-01 1.54192012410416107e-01
1.48814605693145183e-02 9.24401165474125319e-01 -5.84898599536230912e-01 5.20636531025964411e-01 4.99044943751748293e-01 6.29485186820928910e-01 -4.04263634728278753e-01
9.48251439045834754e-01 6.79605428846533854e-01 -9.65706774316806960e-01 4.38754841570378806e-01 6.92985303607255632e-01 2.87532199626730711e-01 1.16315697233025678e-01
3.01760640002686209e-02 -5.49907618141949439e-01 -9.62746947769778788e-02 2.87659329853097922e-03 9.25846099088900476e-01 -1.10237946794193120e+00 3.89740221473584891e-01
1.19049561463172287e-03 -3.39073300597310182e-02 7.43759868519798806e-01 -1.33457042783763802e-01 -1.13646590842147011e+00 4.41371958673612078e-02 -4.39347025427102873e-03
5.00396952290109651e-02 5.89575541878698650e-01 7.20785272546046740e-01 2.00928827101722191e-02 -6.12709807563852515e-01 7.15262266754920106e-01 -1.32282580080440915e-01
4.23704472834134926e-02 7.70826720606223037e-02 -7.76195026627670148e-01 -1.66090727908288993e-01 1.13944102909353595e+00 3.40767809280287215e-01 -2.88194503356549558e-01
1.00801015706661823e+00 1.32818251654662345e+00 5.14186780840105273e-01 4.83297419061311725e-02 -2.99899990549035933e-01 6.94314493240963726e-01 4.17526235608956173e-02
2.97420222726511689e-03 2.96859124793067808e-01 -6.93164248407484140e-01 2.68014908818613784e-01 6.63097370104161477e-01 1.11300392013278659e+00 1.15960067765358985e-01
3.95718441647730179e-01 -8.10596898967323676e-01 4.29652376891673737e-01 5.06805137654046181e-02 -7.63764134747809131e-01 -8.56679934036748914e-01 -6.68315659115375493e-02
1.85910223833596955e-01 1.46623596293499148e+00 -2.45045043949207730e-01 -1.64804122353980585e-03 -2.12336858619044779e-03 6.72251535639198594e-01 -2.26410861224497717e-01
7.85363045861098147e-02 1.19919488541685548e+00 8.43122153289971421e-01 1.00024754621539480e-01 -4.24636931982013521e-01 5.81599042666445909e-01 -4.10370452648356129e-02
2.73476929471071495e-02 -7.95627021763533282e-01 -1.99317876052013010e-01 -1.23110502957544526e-01 4.16276603132722189e-01 -9.43640483160641752e-01 6.60417489917393408e-02
2.26986574000847055e-02 4.00707412100174132e-01 -2.22684478268128011e-01 -1.00872596297459413e-01 9.00882053558418439e-01 1.26874820729663074e+00 -6.48568856937326244e-01
5.17248372054142456e-03 -1.04792334506560647e+00 3.24191586825548939e-01 -1.91792431391487217e-01 -1.60159416211360317e-01 -9.16040925942198547e-01 2.71613229932598683e-02
8.24823266659990006e-02 -6.94865301091809551e-01 -7.52479214858814416e-01 -1.01868801273314422e-01 5.65788090378056219e-01 -7.66011204649603372e-01 -2.89825016032876137e-01
3.69854839024123527e-02 -1.36637712393744282e-01 -6.94026316068579896e-01 -2.20830467469228589e-02 1.31553831480887706e+00 -3.42860297388829616e-01 -1.72774743466443309e-01
1.74743486496829220e-01 -7.25395447025987350e-01 -4.65806909232032829e-01 1.48887294261866587e-01 5.77755065250489364e-01 -8.10249232316509360e-01 5.53866534648582598e-01
1.30569481449969327e-01 -4.27432180011459772e-01 -3.32805828172903162e-01 -2.24388038556484204e-01 7.72712181879337434e-01 -1.16177791428435140e+00 2.19050963663709797e-01
1.43888297819810677e-03 -9.52345190160771127e-01 -1.36783085436640528e-01 -2.60150937759624390e-01 3.64580156985232773e-01 -7.03275318285307982e-01 1.22556895296405177e-01
2.32310364399258458e-02 -1.00351881142404364e+00 5.67302210060760870e-01 -9.61257164036811301e-02 -6.18019264212412489e-01 -7.51355041988305827e-01 6.15047743130635108e-02
4.48455367457331125e-02 8.72003078848832436e-01 8.21234055448280542e-01 -2.46128815210847701e-01 -6.24330283452047774e-01 5.06134569558864378e-01 -2.94407080370602925e-01
7.92541138982397642e-01 -7.89878119890244479e-01 5.05557903954755861e-01 -3.97144853369050421e-01 -5.39039594713570547e-01 -9.34552051093641700e-01 9.95168926813779775e-02
4.48125360938860136e-03 1.13164588601229044e+00 -4.01231772088986638e-01 1.14784851440403214e-02 8.33582583486813938e-02 7.06794999196624141e-01 2.26863077560761989e-01
1.91184111533986966e-03 4.17406064637357022e-02 -7.02363937846365527e-01 -3.03844524128239091e-01 1.15571564497815893e+00 2.00814574836772397e-01 2.49097321855879968e-02
1.17764765049493902e-01 -4.38203592154184085e-01 -4.41808080510865175e-01 -4.12634542215636196e-02 1.06391413396921086e+00 -8.06489800239096999e-01 1.59176535171654282e-01
4.97848325260110691e-02 7.55823082744224578e-02 -8.43475610743526838e-01 9.48490826618084704e-02 9.53555093420912825e-01 3.06156771252178883e-01 -9.55632786099766957e-02
1.19793919066108305e-02 -9.19669640251069009e-01 -1.62994763252324509e-01 1.32172131070307213e-02 1.15654939098189483e-01 -9.82766791804306816e-01 -1.00471366196348361e-01
3.04159399519723928e-01 -2.39356006724712883e-01 9.85434868796082108e-01 -3.37012523953164389e-01 -7.67796267691878254e-01 -3.46788730403587597e-01 -3.34361982189739296e-02
3.99076625349143038e-02 6.72803802379913551e-01 -1.11380485423974251e+00 -2.49083393827991995e-01 5.16761637186801681e-01 5.59134981423595190e-01 1.89159614010641297e-01
4.35424487514216550e-03 -1.14907944059291856e+00 -8.54343679994299110e-02 1.46938845883069907e-01 2.09874194215231485e-01 -8.51519975191679546e-01 7.03944389076975319e-02
9.17852471177210000e-03 -5.28461498613370440e-01 5.34364664421901892e-01 1.51919033096878403e-01 -1.12936693337357008e+00 -4.47035190387999493e-01 5.66078328041240419e-03
2.77034811350828740e-02 -9.90559008779316352e-01 -6.52571917413934499e-01 5.36761460316431127e-02 3.23450291066698203e-01 -6.70416281681340265e-01 -6.80774902602517551e-02
3.18892216544013340e-02 -8.11684806865130004e-01 -1.31011806070040510e-01 -1.38379621000186998e-01 -1.80054416505083331e-01 -1.04040659650948020e+00 6.05571952199713756e-03
2.60631439382333803e-02 3.01952667649322437e-01 5.58794342072972960e-01 -6.92106141831145411e-02 -1.12508795800414396e+00 6.72532804663382167e-01 2.23827234086327979e-02
6.89421580479832596e-01 -9.68774976520539677e-01 -3.90297524691690156e-01 -2.22190269055188794e-01 5.99135111340164395e-01 -7.43835254379873190e-01 -5.80816438290081005e-02
3.41992871097003770e-01 -6.19824460824819901e-01 9.84557393824307514e-01 2.64365204203113102e-01 -3.62597114515189001e-01 -6.00486879415938146e-01 1.84247357554307677e-02
2.21828744816609455e-02 -5.02252814736457220e-01 -9.98265052105747230e-01 -1.38466508185596977e-02 5.87242813571479672e-01 -5.41312893296468256e-01 1.40167025984016785e-01
1.15893280936515949e-01 -5.18495193070871108e-01 3.22507843838626962e-01 1.43314426653604998e-01 -2.99257327339545798e-01 -1.29070533576841728e+00 1.97083835864934886e-01
7.80009380729761032e-02 8.03700142445458510e-01 -8.07894615745764488e-01 1.68315092689359402e-01 6.34540397529713696e-01 6.06630049421112205e-01 8.92506443888389095e-02
1.41822104862887079e-03 -4.28614933381159191e-01 5.58369819156115610e-01 3.57705908659825988e-01 -7.90910157772091171e-01 -7.16726006003214122e-01 6.55415046050255995e-02
1.63596395347467477e-01 4.20673373336810541e-01 -8.74046305619703756e-01 3.93759986858377875e-01 7.88993592495900842e-01 5.44396674820827542e-01 -2.57795748396676301e-03
9.45862207154406220e-03 -7.04372314023746116e-01 -3.34626224719545340e-01 1.43206207109790401e-01 4.97237464853077404e-01 -9.44511260353444460e-01 -1.30707132705978307e-01
2.09064891749197092e-03 1.13989999692155439e-01 -9.94527389008005192e-01 2.69058546937038567e-01 8.44120401828045153e-01 -3.42760093753688710e-01 4.32671095082558577e-01
2.42826595488642993e-02 -3.19909296188090275e-01 -4.26544682207021464e-01 -1.93031831498378603e-01 1.27871994284241186e+00 -8.16249390114709761e-01 -8.64030224720636550e-03
2.30219444612336441e-02 8.19249964692273180e-01 -8.06270637090950176e-02 -3.68032721061612833e-01 -2.98220253224958827e-02 9.46160514758456417e-01 1.16898115539998987e-01
7.50062640636602995e-01 -5.53091256175091583e-01 -9.53249058759770146e-02 1.25113603189913991e-01 1.80882782593812186e-01 -1.51708047640042532e+00 1.84706170339707987e-01
2.47171835414391420e-03 8.42230647345493910e-01 -2.13278756348336429e-01 -6.90740260062591982e-02 -1.57147067062948925e-01 1.08855884424332272e+00 2.71706750036315482e-02
1.51221746360158636e-02 -7.73432219910404006e-01 -7.82032690686796095e-02 1.51693167278056401e-01 -3.57245819069674508e-01 -1.08839776159445734e+00 1.09562224676911180e-01
1.40513254463866372e-03 -3.78160272660834185e-01 1.01783982507929749e+00 -1.68605426166987087e-02 -9.71241313372035231e-01 -2.01447179168781992e-01 -2.50924441962560030e-01
2.51587697775683461e-01 5.19609515150105450e-01 5.97909612975420113e-01 -5.35727767518623804e-02 -9.13356861962706268e-01 5.87464600428364681e-01 1.32060926949760404e-01
2.08794533487997001e-03 6.65390546242010106e-01 -4.46441875080496542e-01 -1.18305999948503424e-01 4.48759471054014647e-02 1.21246554374359761e+00 -2.34238467862047411e-01
3.26860585872592382e-02 -4.31735258217279594e-01 -1.22142400311519239e+00 1.49257867526911697e-01 6.90542806924821395e-01 -2.23481912328471810e-01 -4.38238820700674325e-02
7.12428287040185682e-01 -5.18868811912559735e-01 -7.76201068327837751e-01 9.75894312252851143e-02 5.74172385743837554e-01 -8.89117186181278774e-01 1.88841281152352491e-01
4.51298852374322490e-02 2.78624783684301547e-01 1.03426440542095155e+00 2.93440951449834175e-01 -8.30171023903018002e-01 2.88347087278556125e-01 2.13757249614991401e-01
3.03626594768127908e-02 -6.59962675260841514e-01 4.77834098038622535e-01 -9.30719188773411615e-02 -6.17775749039662814e-01 -6.07819378788606701e-01 -7.46764057715377794e-01
4.18725193970552051e-02 4.51178853457496531e-01 -4.80468889960353140e-01 -1.14823677335240723e-01 6.12060563613019748e-01 1.13885412515203477e+00 1.02735024741162778e-01
2.89812360787717639e-03 1.28982707928904511e-01 9.12725018558976586e-01 -8.86794175413897628e-02 -1.01617885160714594e+00 4.77420529925433601e-02 8.21921605072397365e-02
2.57953355908523922e-03 1.38877598984676554e+00 7.22183444832599775e-01 3.52671998170147535e-02 -3.88915042369312625e-01 4.66708164268332781e-01 5.40540142815121652e-02
1.21894799897377018e-01 5.37477226524200269e-01 -3.42604397557295437e-01 1.87484153324559200e-01 7.82467586017502881e-01 1.14722638531421373e+00 1.55730316069530694e-01
3.61530931224701563e-02 -1.05070603713513355e+00 5.44664211830113487e-01 -1.72464604677031896e-01 -4.52997853652344129e-01 -7.73821170451526652e-01 2.70249677954993661e-01
1.02921157897333346e-01 1.02330008153546842e-01 -1.04379089000708536e+00 1.45514596848084987e-01 7.60173012812513704e-01 5.84078161728967649e-01 1.50210811869388089e-01
1.22750470527153502e-01 2.08547349797587434e-01 -8.05021199356509398e-01 -1.02938440000588716e-01 1.00257041655777490e+00 2.11486474737235808e-01 -7.61890253589950217e-02
1.11242724618599659e-01 -4.10411384247525157e-01 6.77965149061236505e-01 1.12005746164697287e-01 -7.30107214116484049e-01 -7.44795269351672506e-01 -4.97314760888634744e-01
9.14560582641629934e-03 7.10007969971301778e-01 1.59630793632752654e+00 -1.16868742766576925e-01 -4.66119804855751996e-01 2.17805134799536393e-01 -3.86259173344644666e-03
7.69864899035995892e-02 -3.58408169229381401e-01 3.61674353862505626e-01 -8.01968395883942697e-02 -6.46199436866859545e-01 -1.48301971059028825e+00 -5.56322073780187651e-02
7.96480042221951345e-01 5.51195781956197339e-01 -4.35581191116631350e-01 1.27598454182099003e-01 9.39856386811349198e-01 9.33037754976959621e-01 -3.39778401210462544e-01
1.90548029850421879e-01 -3.10643438613913900e-02 -7.74857081954362092e-01 1.70945266411703600e-01 1.09177091007266602e+00 -1.39367542455128612e-01 4.38086254082911242e-01
1.51726954711342409e-02 -5.80998915545005601e-01 -5.16000902737238754e-01 1.28608159534780581e-01 7.73510386191884503e-01 -9.51672844721951794e-01 1.95345144286465988e-01
3.59596974266461367e-01 1.16703188515651840e-01 8.98975908789321654e-01 2.40696114463717303e-01 -8.00994518903993979e-01 2.54312020577372677e-01 2.48094784668405968e-02
1.64238939559239253e-02 -3.01932516899479197e-01 -5.97544988197956761e-01 8.43929922148631134e-02 1.22600695095130208e+00 -3.48699145098184782e-01 -1.60420937509405809e-01
2.13104310916797804e-03 5.31125363622552915e-01 1.70234970787287776e-01 -7.81435087513720622e-02 -2.02473230995364128e-01 1.62550680923372970e+00 1.17783660416167876e-01
3.19019866203036975e-02 -3.22509842223978993e-01 2.38587010353458584e-01 2.12875457335361985e-02 -1.09844890984018195e+00 -1.53513402513897335e+00 5.32651637415101648e-03
1.97803893936297596e-02 -5.55802664203598695e-01 -1.96007348770108308e-01 1.10400208859987276e-01 4.85029578479987566e-01 -1.29737405280356821e+00 2.27503185163021593e-01
3.02240970979846757e-01 -3.14008939868611003e-01 -7.28283580169121647e-01 1.92416519838334188e-01 1.05408624152796193e+00 -3.36719519815912915e-01 -3.09810642353521640e-02
2.50266145583358579e-01 -4.15297651465163287e-01 1.14181020283884949e+00 -3.67366576335085085e-02 -5.36305321848991046e-01 -5.29749462467224208e-01 7.25656569872566576e-02
3.71808253566448532e-01 6.62922721688528283e-01 6.73433411989897035e-01 -2.12135313402311509e-01 -7.72304635704699094e-01 7.00356177344961028e-01 -2.50658055669756297e-01
7.92853934781369112e-03 -7.81962408690875188e-01 1.53552088352489485e-01 3.18961271881285591e-01 -3.16321280899901176e-03 -9.69748057588620260e-01 6.90705017647164493e-02
6.15007066787986913e-03 5.76214188049381182e-01 6.36376174036534570e-01 6.63404403189991471e-02 -7.42194808390549077e-01 8.38396901413199447e-01 -4.58712288672471699e-02
8.61653200068001501e-01 7.30723117997113758e-01 3.92375895566592137e-01 -1.10254011933340626e-01 -7.07909625386114127e-01 6.75928516102742627e-01 2.21883239202867788e-01
3.98483427202299956e-01 5.08872342737748173e-01 -6.42489056840087835e-01 3.75185330360750732e-02 9.69232406751069031e-01 4.70241093691101786e-01 2.68713665683770087e-01
4.59780655722758294e-02 8.34547029466445101e-01 -5.32443662363991932e-03 -2.55755387961751679e-01 2.14554962838235969e-01 1.16561335820199563e+00 1.98816536306710562e-02
1.31579074233663610e-02 -7.23760838123030048e-01 1.93595570351833279e-01 4.93194505462599797e-01 4.35749035808728619e-02 -1.04217767843110831e+00 -1.60156326319277315e-01
6.96394149973806331e-02 5.86876443445808915e-01 -7.97286208465420976e-01 -1.19639372896445120e-01 7.75133773146274963e-01 5.48987608876367883e-01 -4.51836554766497756e-01
1.24601326515537181e-01 -3.27478531334092604e-01 -1.46832687415535745e+00 -1.08255389835245713e-01 6.76325611406098259e-01 -1.50137676495684214e-01 -5.92147563895417256e-02
7.94441722546978257e-02 -4.61046363664446068e-01 5.44394119230147910e-01 2.59567724036942893e-01 -5.02293636156407319e-01 -7.97584955724680689e-01 5.85132141698876840e-01
1.50898233210327276e-01 -7.32778939969719323e-02 -7.40831427358668693e-01 2.31928404764157103e-01 9.92749414506483796e-01 -1.22189579031898587e-01 -4.84460143248259756e-01
2.75685287871627882e-02 -9.23707351747081296e-01 6.03623433484302252e-01 -8.02799320649026649e-02 -2.84635649203539398e-01 -5.35530603173857034e-01 2.95638633851508181e-01
1.47731338658379299e-02 -5.99923768703272242e-01 9.89024698157566773e-01 5.12589594135803087e-02 -7.58648971638051672e-01 -2.83987040913692423e-01 -1.48867383212006099e-01
2.27035274548245208e-01 4.33208481233737841e-01 -3.26893473715335170e-01 -8.38446752946072210e-02 1.03758639087135407e+00 1.17927451048001575e+00 3.50110438278720681e-01
2.87832160567245560e-02 1.01682590923388250e+00 -8.60512336449159809e-01 1.01925073355200083e-01 6.10584791772388558e-01 4.55421641434412772e-01 -2.83619118114622648e-01
9.39803270156135823e-03 -4.11325464151282294e-02 7.22038487743703161e-01 -1.10913248177265625e-01 -1.13881886844424196e+00 6.28091608289797598e-01 2.91228122487607877e-01
1.44707394152920315e-02 2.68515170480530696e-01 -6.66518443563003160e-01 6.90968184263354573e-02 1.17929577709597200e+00 -3.65769547341504714e-02 -3.37796116424435355e-01
5.55847703370362239e-03 1.07100524119393348e+00 6.02634462287058081e-01 -7.80240899110719588e-02 -4.51629728884616111e-01 4.96911285695376681e-01 7.77257476611757786e-02
1.59012802580539179e-03 8.04783643045725472e-01 -7.11196860224169725e-01 -8.24552698738987427e-02 6.52946091030586206e-01 3.63783125455025169e-01 -2.72896755154343307e-01
5.85511221029536184e-03 -1.06067926959222647e+00 1.35976745853612579e-01 1.64534763396240402e-01 1.25451193819338364e-01 -9.15878222195554148e-01 2.69517871327087655e-01
3.89222426540559475e-03 5.37836165775012615e-02 -6.90815051622902354e-01 5.12240631594954796e-02 1.30769198588870794e+00 -1.44408263986532004e-01 2.76480246732605239e-01
3.78677018736185179e-03 1.11698040974527535e+00 -5.66266676123161283e-01 -2.45921934631554512e-01 1.52106574037903675e-01 6.71954244281063429e-01 2.26867361597662381e-01
1.24566095627687196e-01 -6.65732173577864295e-01 -7.11099916688585743e-01 2.42771909775127387e-01 6.93826327492009454e-01 -6.33520090561397686e-01 2.27319444752218408e-01
3.47666879479991919e-01 5.56223296194895744e-01 9.83210696182092558e-01 2.59134922151167818e-02 -7.56432986131434171e-01 1.11639209044244417e-01 -3.12526122979947946e-02
5.52318410538738869e-01 -5.57957726362732553e-01 4.19955126406082568e-01 -3.93349092158782401e-02 -5.33563324093680236e-01 -1.12894877531562132e+00 -1.88697583075561115e-01
3.68570035880602831e-01 3.26042052398208826e-01 -6.70303646713454770e-01 -9.96717856487591841e-02 7.52954618601570536e-01 1.11028375240106780e+00 2.91853741225427343e-01
1.46652019455518188e-03 -1.16923238388699646e+00 2.64088254559986246e-01 -4.85678319409907133e-01 -2.40100275653668926e-01 -6.12461958695354580e-01 -5.21426223625446120e-02
6.34799968467369830e-02 6.04759738751100784e-01 8.31811364213746129e-01 2.81355614462884984e-01 -7.62762287956280871e-01 3.78475975040679480e-01 -1.58603442886400714e-01
1.38560318508517332e-03 -6.41344894624388595e-01 -3.44390160257934730e-01 1.87914782755447402e-01 -1.11629964213047217e-01 -1.14926286493679730e+00 -1.66603138900161707e-01
3.51725512195166123e-01 -1.61496823901621456e+00 2.74909039375409205e-02 1.44273942339178785e-01 1.77113815063974583e-01 -5.87801387893523541e-01 -2.73038479386730759e-01
1.20538845553894870e-02 9.13156941386738197e-01 -1.19329694141491838e+00 -1.02396737539684021e-01 3.83343219457119688e-01 3.66660539949288600e-01 -1.86624451181710838e-02
5.50637605349854273e-03 1.39817897525501111e-01 -4.94443830208092461e-01 1.62786260897193086e-01 1.38588261751444608e+00 3.78382163307364572e-01 5.39202084181970243e-01
4.44879639506386079e-02 4.86594785576029698e-01 -1.34852559516892411e-02 -3.04386132516811306e-02 -1.50395538591082817e-01 1.64249803259773364e+00 -2.68904991735456234e-01
4.21701090169574518e-03 -4.83271257795951370e-01 8.42360054656342783e-01 -7.30473304091050074e-02 -1.00258261625739897e+00 -4.63289309611063016e-01 1.26418001118732581e-01
2.78548590699321088e-03 -7.90459669980832613e-01 8.40800886684119786e-01 -9.59976353418447170e-02 -6.93255211677050287e-01 -4.45374254699072325e-01 -2.30496622224491216e-01
4.47212988860606637e-03 8.78011729422974729e-02 -5.93119233930532008e-01 -7.33831766065216190e-02 1.30156873670677586e+00 4.94107741990077010e-01 1.89942139343997202e-01
6.26889785458883964e-02 7.44583930595096866e-01 9.87548099144001879e-01 -2.14961953677727913e-01 -6.83631671425042886e-01 5.21738658078613526e-01 -1.15690904589870122e-01
1.32612710361386171e-03 1.20140984711988241e+00 -1.61988086203726123e-01 8.76006940611094159e-02 5.08024382388504447e-01 6.26124327801904412e-01 7.22458828152916233e-02
3.87561114564937276e-02 -2.94794333232665462e-01 -1.07316559587255833e+00 1.84468639701452081e-01 7.33941843126777127e-01 -2.46544549447941214e-01 -1.05808288204452677e-02
1.13410132414763165e-01 -1.24748515210280964e+00 -7.37802238238371877e-01 -1.14611576744318278e+00 2.15750436677797169e-01 -4.33222864849741984e-01 -1.50259297095049815e-01
1.44013926827036721e-02 4.60304604928116035e-01 5.86511835487546596e-01 1.48057927856858701e-01 -8.31174543338023764e-01 7.97811391311969986e-01 -2.80003343563831816e-02
1.18476012827090967e-02 1.16336648660734454e+00 6.07535190063465347e-01 3.81705476652090481e-01 -2.41581567691140725e-01 6.34587179209666452e-01 -2.14219931710161099e-01
4.38275513558121985e-02 -1.16317557411408568e+00 5.04849350150199383e-02 2.08015820214290104e-01 -1.89523875118888935e-02 -9.15418753409867336e-01 -2.63441282435546015e-02
6.18688698241578235e-03 -3.67797908440097687e-01 -1.16881594335625350e+00 4.91114160819960788e-01 6.76590389797369185e-01 -1.25892698374179796e-01 -4.33902864389403529e-03
1.85874362801323294e-03 -1.92269021128230366e+00 -7.01685462478089494e-01 2.23425030736890101e-01 2.32873969812215587e-01 -3.53355961118099804e-01 2.71517627841932375e-02
1.43940417356897381e-02 8.42345290907940636e-01 3.56187834547278537e-01 6.63935180634100675e-02 -1.41524522546940423e-01 1.15713793155143763e+00 -8.12730296885870868e-02
1.29952232009314921e-02 3.44804447776441814e-01 -5.05837497561829830e-01 -1.25597717487284016e-01 1.13448581068059107e+00 6.97331718920818910e-01 2.17858591759599790e-01
4.37190210859243478e-01 -7.23516614312966655e-01 -5.84584033297959382e-01 9.25135321876901784e-02 6.90723856627022070e-01 -6.63091145393764791e-01 1.62063351341994483e-01
3.42216136719579456e-03 -5.24767424369037783e-01 -8.99027633658700864e-01 4.64444568748412279e-01 6.05691440388825164e-01 -5.04360590865419844e-01 -4.81290465313265817e-02
7.26861027862310660e-01 -9.02379800166257406e-01 4.10109027471631360e-01 -2.92727476283851429e-01 -4.06546090284207517e-01 -7.43210624787581819e-01 1.58877621196816005e-01
1.06402273287400193e-01 -7.12908276588818168e-01 -4.51148251102576670e-01 -3.38795757834851996e-01 5.93300082063924372e-01 -6.66285208984391253e-01 1.61302103890684584e-01
1.68807331245461323e-01 -5.29011309793305795e-01 -4.70819491717232141e-01 3.85520667810755502e-01 7.26592680048011919e-01 -7.79200522620644653e-01 -2.90106783320576121e-02
1.11487542929829802e-02 1.16129896538815136e+00 -5.44512063230925936e-01 1.11504998257858687e-01 3.90256167361980155e-01 4.80269812985547384e-01 -1.40477784172532899e-01
1.38780080772782227e-02 -8.55716908263569331e-02 -6.67748827380189702e-01 -5.89036825409980924e-02 1.18223261662141099e+00 -4.20691555157219788e-01 -1.74742717560291999e-01
9.05060333183114150e-03 -1.91060312468545074e-01 -1.17184064522749232e+00 1.77874148292016504e-01 8.09743683759144406e-01 2.34298407298197703e-01 -1.63122518823203999e-01
dt_snap         1.0
